prefix,input_text,target_text
webNLG,"['Aarhus_Airport | cityServed | ""Aarhus, Denmark""']","['The Aarhus is the airport of Aarhus, Denmark.', 'Aarhus Airport serves the city of Aarhus, Denmark.']"
webNLG,['Aarhus_Airport | cityServed | Aarhus'],['Aarhus airport serves the city of Aarhus.']
webNLG,['Aarhus_Airport | elevationAboveTheSeaLevel_(in_metres) | 25.0'],"['Aarhus Airport is 25 metres above sea level.', 'Aarhus airport is at an elevation of 25 metres above seal level.', 'Aarhus Airport is 25.0 metres above the sea level.']"
webNLG,['Aarhus_Airport | location | Tirstrup'],"['Aarhus Airport is located in Tirstrup.', 'The location of Aarhus Airport is Tirstrup.']"
webNLG,"['Aarhus_Airport | operatingOrganisation | ""Aarhus Lufthavn A/S""']","['Aarhus Airport is operated by Aarhus Lufthavn A/S.', 'Aarhus Lufthavn A/S is the operation organisation of Aarhus Airport.']"
webNLG,['Aarhus_Airport | operatingOrganisation | Aktieselskab'],"['Aktieselskab is the operating organisation for Aarhus Airport.', 'Aktieselskab operates Aarhus Airport.', 'Aarhus Airport is operated by the Aktieselkab organisation.']"
webNLG,['Aarhus_Airport | runwayLength | 2776.0'],"['Aarhus Airport runway length is 2776.0.', 'Aarhus Airport has a runway length of 2776.0.', 'The length of the runway at Aarhus Airport is 2776.0.']"
webNLG,['Aarhus_Airport | runwayLength | 2777.0'],"['The runway length at Aarhus Airport is 2777.0 meters.', 'The runway length at Aarhus airport is 2777.0.']"
webNLG,"['Aarhus_Airport | runwayName | ""10L/28R""']","['Aarhus Airport runway name is 10L/28R.', '10L/28R is the runway name of the Aarhus Airport.', 'The runway name of Aarhus Airport is 10L/28R.']"
webNLG,"['Aarhus_Airport | runwayName | ""10R/28L""']","['The runway name at Aarhus Airport is ""10R/28L"".', '10R/28L is the runway name at Aarhus airport,.', 'The runway name of Aarhus Airport is 10R/28L.']"
webNLG,"['Abilene,_Texas | country | United_States']","['Abilene, Texas is in the United States.', 'Abilene Texas is in the United States.', 'Abilene, Texas is located in the United States.']"
webNLG,"['Abilene,_Texas | isPartOf | Jones_County,_Texas']","['Abilene, Texas is part of Jones County, Texas.', 'Abilene is part of Jones County, Texas.']"
webNLG,"['Abilene,_Texas | isPartOf | Taylor_County,_Texas']","['Abilene, Texas is part of Taylor County,Texas.', 'Abilene is a part of Taylor County, Texas.', 'Abilene, Texas is part of Taylor County, Texas.']"
webNLG,"['Abilene,_Texas | isPartOf | Texas']","['Abilene, Texas is part of Texas.', 'Abilene is part of Texas.']"
webNLG,['Abilene_Regional_Airport | 1st_runway_LengthFeet | 3678'],['The length of the 1st runway at Abilene Regional airport is 3678 feet.']
webNLG,['Abilene_Regional_Airport | 1st_runway_SurfaceType | Asphalt'],"['The first runway at Abilene Regional Airport is made from asphalt.', 'The 1st runway at Abilene Regional Airport is made of Asphalt.']"
webNLG,['Abilene_Regional_Airport | 3rd_runway_LengthFeet | 7202'],"['The third runway at Abilene Regional Airport is 7,202 feet long.', 'The 3rd runway at Abilene Regional airport is 7202 feet.', ""The Abilene Regional Airport's 3rd runway length is ft is 7202.""]"
webNLG,"['Abilene_Regional_Airport | ICAO_Location_Identifier | ""KABI""']","['Abilene Regional Airport ICAO Location Identifier is KABI.', 'KABI is the ICAO location identifier of Abilene Regional Airport.', 'The ICAO Location Identifier of Abilene Regional Airport is KABI.']"
webNLG,['Abilene_Regional_Airport | elevationAboveTheSeaLevel_(in_metres) | 546'],"['Abilene Regional Airport elevation above the sea level in metres is 546.', 'The Abilene Regional Airport is 546 metres above sea level.', 'Abilene Regional Airport is located 546 metres above sea level.']"
webNLG,"['Abilene_Regional_Airport | locationIdentifier | ""ABI""']","['The location identifier for Abilene Regional airport is ABI.', 'The Abilene Regional Airport\'s location id is ""ABI"".', 'The location Identifier of Abilene Regional Airport is ABI.']"
webNLG,['Abilene_Regional_Airport | runwayLength | 1121.0'],"['The runway length of Abilene Regional Airport is 1,121.', 'Abilene Regional airport has a runway length of 1121.0.', 'The runway length of Abilene Regional Airport is 1121.0.']"
webNLG,['Abilene_Regional_Airport | runwayLength | 2194.0'],['The runway length of Abilene Regional Airport is 2194.0.']
webNLG,['Abilene_Regional_Airport | runwayLength | 2195.0'],"['The runway length of Abilene Regional Airport is 2,195.', 'The runway length of Abilene Regional Airport is 2195.0.']"
webNLG,"['Abilene_Regional_Airport | runwayName | ""17L/35R""']","['Abilene Regional Airport runway name is 17L/35R.', '17L/35R is the runway name of Abilene Regional Airport.', 'Abilene Regional Airport has the runway name 17L/35R.']"
webNLG,"['Abilene_Regional_Airport | runwayName | ""17R/35L""']","['17R/35L is the runway name at Abilene Regional airport.', 'The name of the runway at Abilene Regional Airport is 17R/35L.', 'The runway name of Abilene Regional Airport is 17R/35L.']"
webNLG,['Adirondack_Regional_Airport | 1st_runway_LengthFeet | 6573'],"['The length of the first runway at Adirondack Regional Airport is 6,573 feet.', '6573 feet is the length of the first runway at Adirondack Regional Airport.', 'The 1st runway length in feet of Adirondack Regional Airport is 6573.']"
webNLG,"['Adirondack_Regional_Airport | cityServed | Lake_Placid,_New_York']","['Lake Placid, N.Y. is served by the Adirondack Regional Airport.', 'Adirondack Regional Airport serves the city of Lake Placid, New York.']"
webNLG,"['Adirondack_Regional_Airport | cityServed | Saranac_Lake,_New_York']","['Adirondack Regional Airport serves the city of Saranac Lake, New York.']"
webNLG,"['Adirondack_Regional_Airport | locationIdentifier | ""SLK""']","['Adirondack Regional Airport location idenitifier is SLK.', 'SLK is the I.D. of the Adirondack Regional Airport.', 'The Adirondack Regional Airport location identifier is SLK.']"
webNLG,['Adirondack_Regional_Airport | runwayLength | 1219.0'],"['The runway length of Adirondack Regional Airport is 1,219.', 'The runway length at Adirondack Regional Airport is 1219.0.', 'The runway length of Adirondack Regional Airport is 1219.0.']"
webNLG,['Adirondack_Regional_Airport | runwayLength | 2003.0'],"['The runway length of Adirondack Regional Airport is 2003.0.', 'The length of the runway at Adirondack Regional Airport is 2003.0.']"
webNLG,['Adolfo_Suárez_Madrid–Barajas_Airport | elevationAboveTheSeaLevel_(in_metres) | 610.0'],"['Adolfo Suárez Madrid-Barajas Airport has an elevation of 610.0 metres above sea level.', 'Adolfo Suárez Madrid–Barajas Airport is elevated 610 metres above sea level.']"
webNLG,['Adolfo_Suárez_Madrid–Barajas_Airport | location | Alcobendas'],"['Adolfo Suárez Madrid–Barajas Airport is in Alcobendas.', 'Adolfo Suárez Madrid Barajas Airport is found in Alcobendas.', 'Adolfo Suárez Madrid–Barajas Airport is located in Alcobendas.']"
webNLG,['Adolfo_Suárez_Madrid–Barajas_Airport | location | Madrid'],"['Adolfo Suárez Madrid–Barajas Airport is found in Madrid.', 'The Adolfo Suárez Madrid–Barajas Airport is in Madrid.', 'Adolfo Suarez Madrid-Barajas Aiport is located in Madrid.']"
webNLG,['Adolfo_Suárez_Madrid–Barajas_Airport | location | Paracuellos_de_Jarama'],"['Adolfo Suárez Madrid–Barajas Airport can be found in Paracuellos de Jarama.', 'Adolfo Suarez Madrid-Barejas airport is located at Paracuellos de Jarama.', 'The Adolfo Suárez Madrid–Barajas Airport is in Paracuellos de Jarama.']"
webNLG,['Adolfo_Suárez_Madrid–Barajas_Airport | operatingOrganisation | ENAIRE'],"['The Adolfo Suárez Madrid–Barajas Airport is operated by ENAIRE.', 'ENAIRE is the operating organisation for Adolfo Suarez Madrid-Barajas airport.', 'Adolfo Suarez Madrid-Barajas Airport is operated by ENAIRE.']"
webNLG,['Adolfo_Suárez_Madrid–Barajas_Airport | runwayLength | 3500.0'],"['The runway length of Adolfo Suárez Madrid–Barajas Airport is 3,500.', 'The runway length at Adolfo Suarez Madrid-Barajas airport is 3500.0.', ""The Adolfo Suárez Madrid–Barajas Airport's runway length is 3500.""]"
webNLG,['Adolfo_Suárez_Madrid–Barajas_Airport | runwayLength | 4100.0'],"['The runway length of Adolfo Suárez Madrid–Barajas Airport is 4,100.', 'The runway length of Adolfo Suarez Madrid-Barajas airport is 4100.0.', 'The length of the runway at Adolfo Suarez Madrid Barajas Airport is 4100.0.']"
webNLG,['Adolfo_Suárez_Madrid–Barajas_Airport | runwayLength | 4349.0'],"['The runway length of Adolfo Suárez Madrid–Barajas Airport is 4,349.', 'Adolfo Suárez Madrid–Barajas Airport has a runway that is 4349 metres long.', 'The runway length of Adolfo Suarez Madrid-Barajas Airport is 4349.0.']"
webNLG,"['Adolfo_Suárez_Madrid–Barajas_Airport | runwayName | ""18R/36L""']",['18R/36L is the runway name of the Adolfo Suárez Madrid-Barajas Airport.']
webNLG,['Afonso_Pena_International_Airport | elevationAboveTheSeaLevel_(in_feet) | 2988'],"['Afonso Pena International Airport is elevated 2988 feet above sea level.', 'Afonso Pena International Airport has an elevation above the sea level (in feet) of 2988.']"
webNLG,['Afonso_Pena_International_Airport | elevationAboveTheSeaLevel_(in_metres) | 911.0'],"['Afonso Pena International airport is located 911 metres above sea level.', 'Afonso Pena International Airport has the elevation of 911 meters above the sea level.', 'Afonso Pena International Airport is 911.0 metres above sea level.']"
webNLG,['Afonso_Pena_International_Airport | location | São_José_dos_Pinhais'],"['The location of Afonso Pena International airport is Sao Jose dos Pinhais.', 'Afonso Pena International Airport is located in São José dos Pinhais.', 'Afonso Pena International Airport is located in Sao Jose dos Pinhais.']"
webNLG,['Afonso_Pena_International_Airport | runwayLength | 1800.0'],"['The runway length at Afonso Pena International airport is 1800.0.', 'The runway at Afonso Pena International Airport is 1800 meters long.', 'The runway length of Afonso Pena International Airport is 1800.0.']"
webNLG,['Afonso_Pena_International_Airport | runwayLength | 2215.0'],"['Afonso Pena International Airport runway length is 2215.0.', 'Afonso Pena International Airport has a runway length of 2215.0.', 'The runway length of Afonso Pena International Airport is 2215.0.']"
webNLG,"['Afonso_Pena_International_Airport | runwayName | ""11/29""']",['Afonso Pena International Airport has the runway name 11/29.']
webNLG,"['Afonso_Pena_International_Airport | runwayName | ""15/33""']","['The runway name of Afonso Pena International Airport is 15/33.', '15/33 is the runway name at Afonso Pena International airport.', 'The Afonso Pena International Airport\'s runway name is ""15/33"".']"
webNLG,"['Agra_Airport | IATA_Location_Identifier | ""AGR""']","['Agra Airport IATA Location Identifier is AGR.', 'AGR is the IATA I.D. of the Agra Airport.', 'AGR is the ATA Location Identifier for Agra Airport.']"
webNLG,"['Agra_Airport | ICAO_Location_Identifier | ""VIAG""']","['The location identifier for Agra Airport is VIAG.', 'The Agra Airport\'s ICAO location identifier is ""VIAG"".', 'The ICAO Location Identifier of Agra Airport is VIAG.']"
webNLG,['Agra_Airport | elevationAboveTheSeaLevel_(in_metres) | 167.94'],"['Agra Airport is elevated 167.94 metres above sea level.', 'The elevation above the sea level (in metres) of Agra Airport is 167.94.']"
webNLG,['Agra_Airport | location | India'],"['Agra Airport is in India.', 'Agra airport is located in India.']"
webNLG,['Agra_Airport | location | Uttar_Pradesh'],"['Agra Airport is in Uttar Pradesh.', 'Agra Airport is located in Uttar Pradesh.']"
webNLG,"['Agra_Airport | nativeName | ""Kheria Air Force Station""']","['Kheria Air Force Station is the native name of Agra Airport.', 'The native name of Agra Airport is Kheria Air Force Station.']"
webNLG,['Agra_Airport | operatingOrganisation | Airports_Authority_of_India'],"['The Airports Authority of India is the operating organisation of Agra Airport.', 'Agra Airport is operated by the Airports Authority of India.']"
webNLG,['Agra_Airport | operatingOrganisation | Indian_Air_Force'],"['The operating organization for Agra Airport is the Indian Air Force.', 'The Indian Air Force operates the Agra Airport.', 'Agra Airport is operated by the Indian Air Force.']"
webNLG,['Agra_Airport | runwayLength | 1818.0'],"['1818 is the length of the runway of Agra Airport.', 'The length of the runway at Agra Airport is 1818.0.']"
webNLG,['Agra_Airport | runwayLength | 2743.0'],"[""Agra Airport's runway length is 2743.0.""]"
webNLG,['Al-Taqaddum_Air_Base | location | Habbaniyah'],"['Al Taqaddum Air Base is located in Habbaniyah.', 'The location of Al-Taqaddum Air Base is Habbaniyah.']"
webNLG,"['Al-Taqaddum_Air_Base | locationIdentifier | ""MAT""']","['The location identifier for Al-Taqaddum air base is MAT.', 'The location identifier of Al Taqaddum Air Base is MAT.']"
webNLG,['Al-Taqaddum_Air_Base | runwayLength | 4019.0'],"['The runway length of Al-Taqaddum Air Base is 4,019.', 'The runway length of Al-Taqaddum air base is 4019.0.', 'The runway length of Al Taqaddum Air Base is 4019.0.']"
webNLG,"['Al_Asad_Airbase | ICAO_Location_Identifier | ""ORAA""']","['ORAA is the ICAO location identifier of Al Asad Airbase,.', 'The ICAO Location Identifier of Al Asad Airbase is ORAA.']"
webNLG,['Al_Asad_Airbase | elevationAboveTheSeaLevel_(in_feet) | 618'],"['Al Asad Airbase is 618 feet above sea level.', 'The Al Asad Airbase is 618 ft above sea level.', 'Al Asad Airbase has an elevation above the sea level (in feet) of 618.']"
webNLG,"['Al_Asad_Airbase | location | ""Al Anbar Province, Iraq""']","['The Al Asad Airbase is situated in the Al Anbar Province, Iraq.', 'Al Asad airbase is located at Al Anbar Province, Iraq.', 'Al Asad Airbase is located in Al Anbar Province, Iraq.']"
webNLG,['Al_Asad_Airbase | location | Iraq'],"['Al Asad Airbase is found in Iraq.', 'The Al Asad Airbase is in Iraq.', 'Al Asad Airbase is in Iraq.']"
webNLG,['Al_Asad_Airbase | operatingOrganisation | United_States_Air_Force'],"['Al Asad Airbase is operated by the United States Air Force.', 'The United States Air Force is the operating organisation for Al Asad airbase.']"
webNLG,['Al_Asad_Airbase | runwayLength | 3078.48'],"['The runway length of Al Asad Airbase is 3078.48.', 'Al Asad Airbase has a runway length of 3078.48.']"
webNLG,['Al_Asad_Airbase | runwayLength | 3090.0'],"['The runway length of Al Asad Airbase is 3090 meters.', 'The runway length at Al Asad airbase is 3090.0.', ""Al Asad Airbase's runway length is 3090.0.""]"
webNLG,['Al_Asad_Airbase | runwayLength | 3990.0'],"['The runway length of Al Asad Airbase is 3,990.', 'The runway length of Al Asad Airbase is 3990.0.', 'The Al Asad Airbase has a runway length of 3990.0.']"
webNLG,['Al_Asad_Airbase | runwayLength | 3992.88'],"['The runway length of Al Asad Airbase is 3,992.88.', '3992.88 is the length of the runway at Al Asad Airbase.']"
webNLG,"['Al_Asad_Airbase | runwayName | ""08/26""']","[""''08/26'' is the runway name at Al Asad Airbase."", '08/26 is the runway name of the Al Asad Airbase.', 'The runway name of Al Asad Airbase is 08/26.']"
webNLG,"['Al_Asad_Airbase | runwayName | ""09L/27R""']","['The runway name of Al Asad Airbase is 09L/27R.', 'The AI Asad Airbase\'s runway name is ""09L/27R"".']"
webNLG,"['Al_Asad_Airbase | runwayName | ""09R/27L""']","['09R/27L is the runway name at Al Asad airbase.', 'The name of the runway at al Asad Airbase is 09R/27L.', 'Al Asad Airbase has the runway name 09R/27L.']"
webNLG,['Alcobendas | country | Spain'],"['Alcobendas is located in Spain.', 'Alcobendas is in Spain.']"
webNLG,['Alcobendas | isPartOf | Community_of_Madrid'],"['Alcobendas is part of Community of Madrid.', 'Alcobendas is part of the community of Madrid.']"
webNLG,"[""Alcobendas | leaderParty | People's_Party_(Spain)""]",['The leader party at Alcobendas is the Peoples Party (Spain).']
webNLG,"['Alderney | capital | Saint_Anne,_Alderney']",['Saint Anne is the capital of Alderney.']
webNLG,['Alderney | language | English_language'],"['The main language spoken on Alderney is English.', 'The English language is spoken in Alderney.', 'Alderney uses the English language.']"
webNLG,['Alderney | leaderName | Elizabeth_II'],"[""Alderney's leader name is Elizabeth II."", ""Aldernay's leader is Elizabeth II."", ""The leader's name of Alderney is Elizabeth II.""]"
webNLG,['Alderney_Airport | 1st_runway_SurfaceType | Asphalt'],"['The first runway at Alderney Airport is made of asphalt.', 'The 1st runway at Alderney airport has an asphalt surface.', 'The 1st runway at Alderney Airport is made from Asphalt.']"
webNLG,['Alderney_Airport | 1st_runway_SurfaceType | Poaceae'],"['The surface of the 1st runway at Alderney airport is poaceae.', 'The 1st runway at Alderney Airport is made from Poaceae.']"
webNLG,['Alderney_Airport | elevationAboveTheSeaLevel_(in_metres) | 88.0'],"['Alderney Airport is 88 metres above sea level.', 'The Alderney Airport elevation above the sea level (in meters) is 88.']"
webNLG,['Alderney_Airport | runwayLength | 497.0'],"['Alderney Airport has a runway length of 497.0.', 'The runway length of Alderney Airport is 497.0.']"
webNLG,['Alderney_Airport | runwayLength | 733.0'],['The Alderney Airport runway has a length of 733.0.']
webNLG,['Alderney_Airport | runwayLength | 877.0'],"['The runway length of Alderney Airport is 877.', ""Alderney Airport's runway has a length of 877.0."", 'The runway length of Alderney Airport is 877.0.']"
webNLG,"['Alderney_Airport | runwayName | ""03/21""']","['Alderney Airport runway name is 03/21.', 'The runway name of Alderney Airport is 03/21.', 'The runway at Alderney Airport is named 03/21.']"
webNLG,"['Alderney_Airport | runwayName | ""08/26""']","['08/26 is the runway name of Alderney Airport.', 'The runway name of Alderney Airport is 08/26.']"
webNLG,['Allama_Iqbal_International_Airport | cityServed | Lahore'],"['Allama Iqbal International Airport serves the city of Lahore.', 'The city of Lahore is served by Allama Iqbal International airport.']"
webNLG,['Allama_Iqbal_International_Airport | location | Pakistan'],['Allama Iqbal International airport is located in Pakistan.']
webNLG,"['Allama_Iqbal_International_Airport | location | Punjab,_Pakistan']","['Allama Iqbal International Airport is found in Punjab, Pakistan.', 'Allama Iqbal International Airport is located in Punjab, Pakistan.', 'Allama Iqbal International airport is located in Punjab Pakistan.']"
webNLG,['Allama_Iqbal_International_Airport | operatingOrganisation | Pakistan_Civil_Aviation_Authority'],"['The Pakistan Civil Aviation Authority governs the Allama Iqbal International Airport.', 'The Pakistan Civil Aviation Authority is the operating organisation of the Allama Iqbal International Airport.', 'Allama Iqbal International Airport is operated by Pakistan Civil Aviation Authority.']"
webNLG,['Allama_Iqbal_International_Airport | runwayLength | 2900.0'],['The runway length of Allama Iqbal International Airport is 2900.0.']
webNLG,['Allama_Iqbal_International_Airport | runwayLength | 3310.0'],"['The runway length of Allama Iqbal International Airport is 3,310.', 'Allama Iqbal International airport has a runway length of 3310.0.', 'The runway length of Allama Iqbal International Airport is 3310.0.']"
webNLG,"['Allama_Iqbal_International_Airport | runwayName | ""18L/36R""']","['The runway name at Allama Iqbal International airport is 18L/36R.', 'The Allama Iqbal International Airport\'s runway name is ""18L/36R"".', 'The runway name of Allama Iqbal International Airport is 18L/36R.']"
webNLG,"['Alpena,_Michigan | country | United_States']","['Alpena Michigan is a country in United States.', 'Alpena, Michigan is in the U.S.', 'Alpena, Michigan is located in the United States.']"
webNLG,['Alpena_County_Regional_Airport | 1st_runway_LengthFeet | 9001'],"['The length of the first runway of Alpena County Regional Airport is 9001.', 'The first runway length in feet of Alpena County Regional Airport is 9001.']"
webNLG,"['Alpena_County_Regional_Airport | cityServed | Alpena,_Michigan']","['Alpena County Regional Airport city served Alpena, Michigan.', 'Alpena County Regional Airport serves the city of Alpena, Michigan.', 'Alpena County Regional Airport serves Alpena, Michigan.']"
webNLG,['Alpena_County_Regional_Airport | elevationAboveTheSeaLevel_(in_metres) | 210'],"['lpena County Regional Airport elevation above the sea level in metres is 210.', 'Alpena County Regional Airport has an elevation of 210 metres above sea level.', 'Aplena County Regional Airport is elevated 210 metres above sea level.']"
webNLG,"['Alpena_County_Regional_Airport | location | Maple_Ridge_Township,_Alpena_County,_Michigan']","['Alpena County Regional Airport is found in Maple Ridge Township, Alpena County in Michigan.', 'The location of Alpena County Regional Airport is Maple Ridge Township, Alpena County, Michigan.', 'Alpena County Regional Airport is located in Maple Ridge Township, Alpena County, Michigan.']"
webNLG,"['Alpena_County_Regional_Airport | location | Wilson_Township,_Alpena_County,_Michigan']","['Alpena County Regional Airport is found in Wilson Township, Alpena County, Michigan.', 'Alpena County Regional Airport is located in the Wilson Township, Alpena County, Michigan.', 'The location of Alpena County Regional Airport is Wilson Township, Alpena County, Michigan.']"
webNLG,"['Alpena_County_Regional_Airport | locationIdentifier | ""APN""']","['The location identifier of Alpena County Regional airport is APN.', 'The Alpena County Regional Airport\'s location id is ""APN"".', 'The loaction identifier of Alpena County Regional Airport is APN.']"
webNLG,"['Alpena_County_Regional_Airport | owner | Alpena_County,_Michigan']","['Alpena Country Regional Airport owner is Alpena Country, Michigan.', 'Alpena County, Michigan is the owner of the Alpena County Regional Airport.', 'The owner of Alpena County Regional Airport is Alpena County, Michigan.']"
webNLG,['Alpena_County_Regional_Airport | runwayLength | 2744.0'],"[""Alpena County Regional Airport's runway length is 2744.0."", 'The Alpena County Regional Airport is 2744 meters long.', 'The runway length of Alpena County Regional Airport is 2744.0.']"
webNLG,"['Alpena_County_Regional_Airport | runwayName | ""7/25""']","['7/25 is the runway name of Alpena County Regional Airport.', 'The runway name of Alpena County Regional Airport is 7/25.']"
webNLG,['Amsterdam | leaderName | Eberhard_van_der_Laan'],"[""Amsterdam's leader is Eberhard van der Laan."", 'Eberhard van der Laan is the name of the leader of Amsterdam.', 'The leader of Amsterdam is Eberhard van der Laan.']"
webNLG,['Amsterdam_Airport_Schiphol | 1st_runway_LengthMetre | 3800'],"['The length of the first runway at Amsterdam Airport Schiphol is 3800 metres.', 'The length of the 1st runway at Amsterdam airport Schipol is 3800 metres.', 'The length of the first runway at Amsterdam Aiport Schiphol is 3800 meters.']"
webNLG,['Amsterdam_Airport_Schiphol | 1st_runway_SurfaceType | Asphalt'],"[""The first runway at Amsterdam's Schiphol Airport is made from asphalt."", 'The first runway of Amsterdam Airport Schiphol is made in asphalt.', 'The 1st runway at Amsterdam Airport Schiphol is made from Asphalt.']"
webNLG,"['Amsterdam_Airport_Schiphol | 4th_runway_SurfaceType | ""Asphalt""']","['The fourth runway at Schiphol Airport in Amsterdam is made of asphalt.', 'The 4th runway at Amsterdam Airport Schipol has a surface of asphalt.']"
webNLG,['Amsterdam_Airport_Schiphol | 5th_runway_Number | 18'],"['Amsterdam Airport Schiphol is 5th runway number 18.', '18 is the number of the fifth runway of Amsterdam Airport Schiphol.', ""Amsterdam Schiphols Airport's 5th runway has the number 18.""]"
webNLG,['Amsterdam_Airport_Schiphol | elevationAboveTheSeaLevel_(in_metres) | -3.3528'],"['Amsterdam Airport Schiphol is -3.3528 metres above sea level.', 'Amsterdam airport Schipol is -3.3528 above sea level.', 'Amsterdam Airport Schiphol is at an elevation of -3.3528 from sea level.']"
webNLG,['Amsterdam_Airport_Schiphol | location | Haarlemmermeer'],"[""Amsterdam's Schiphol Airport is located in Haarlemmermeer."", 'The Amsterdam Airport Schiphol is in Haarlemmermeer.', 'Amsterdam Airport Schiphol is located in Haarlemmermeer.']"
webNLG,['Amsterdam_Airport_Schiphol | operatingOrganisation | Schiphol_Group'],"['Amsterdam Airport Schiphol operating organization is Schiphol Group.', 'Schiphol Group operates the Amsterdam Airport Schiphol.', 'The Amsterdam Airport Schiphol is run by the operation organisation the Schiphol Group.']"
webNLG,['Amsterdam_Airport_Schiphol | runwayLength | 2014.0'],"['The runway length at Amsterdam Airport Schiphol is 2014.0 meters.', 'The runway length at Amsterdam airport, Schipol is 2014.0.', ""Amsterdam Airport Schiphol's runway length is 2014.0.""]"
webNLG,['Amsterdam_Airport_Schiphol | runwayLength | 3300.0'],"['The runway length of Amsterdam airport Schipol is 3300.0.', ""The Amsterdam Airport Schiphol's runway length is 3300."", 'The runway length of Amsterdam Airport Schiphol is 3300.0.']"
webNLG,['Amsterdam_Airport_Schiphol | runwayLength | 3400.0'],"['The length of the runway at Amsterdam Airport Schiphol is 3400.0 metres.', 'The runway length at Amsterdam Airport, Schipol is 3400.0.', ""Amsterdam Airport Schiphol's runway length is 3400.0.""]"
webNLG,['Amsterdam_Airport_Schiphol | runwayLength | 3453.0'],"[""The runway length of Amsterdam's Schiphol Airport is 3,453."", 'The runway length at Amsterdam Airport Schipol is 3453.0.', 'The runway length of Amsterdam Airport Schiphol is 3453.0.']"
webNLG,['Amsterdam_Airport_Schiphol | runwayLength | 3500.0'],"[""Amsterdam's Schiphol Airport has a runway length of 3,500."", 'The runway length of Amsterdam Airport Schiphol is 3500.0.']"
webNLG,['Amsterdam_Airport_Schiphol | runwayLength | 3800.0'],"['The runway length of Amsterdam Airport is 3800.0 metres.', 'The runway length at Amsterdam Airport Schipol is 3800.0.', ""Amsterdam Airport Schiphol's runway length is 3800.0.""]"
webNLG,"['Amsterdam_Airport_Schiphol | runwayName | ""04/22 \'Oostbaan\'""']","['Amsterdam Airport Schiphol runway name is 04/22 Ooostbaan.', '04/22 Oostbaan is the runway name of Amsterdam Airport Schiphol.', ""The runway at Amsterdam Airport Schiphol is 04/22 'Oostbaan.""]"
webNLG,"['Amsterdam_Airport_Schiphol | runwayName | ""09/27 \'Buitenveldertbaan\'""']","['Amsterdam Airport Schipol runway name is 09/27 Buitenvelderbaan.', '09/27 Buitenveldertbaan is the runway name of the Amsterdam Airport Schiphol.', 'Amsterdam Schiphol Airport has a runway named 09/27 Buitenveldertbaan.']"
webNLG,"['Amsterdam_Airport_Schiphol | runwayName | ""18C/36C \'Zwanenburgbaan\'""']","[""The runway name of Amsterdam's Schiphol Airport is 18C/36C Zwanenburgbaan."", '18C/36C or Zwanenburgbaan are the names for the runway at Amsterdam Airport Schiphol.', 'The runway name of Amsterdam Airport Schiphol is 18C/36C Zwanenburgbaan.']"
webNLG,"['Amsterdam_Airport_Schiphol | runwayName | ""18L/36R \'Aalsmeerbaan\'""']","['Amserdam Airport Schiphol runway name is 18L/36R Aalsmeerbaan.', '18L/36R Aalsmeerbaan is the runway name of Amsterdam Airport Schiphol.', ""Amsterdam Schiphol Airport has the runway name 18L/36R 'Aalsmeerbaan.""]"
webNLG,"['Amsterdam_Airport_Schiphol | runwayName | ""18R/36L \'Polderbaan\'""']","['18R/36L Plderbaan is the runway name at Amsterdam Airport Schipol.', 'The runway at Amsterdam Sciphol Airport is called 18R/36L Polderbaan.', 'The runway name of Amsterdam Airport Schiphol is 18R/36L Polderbaan.']"
webNLG,"['Andrews_County,_Texas | largestCity | Andrews,_Texas']","['The largest city in Andrews County, Texas is Andrews.', 'Andrews, Texas is the largest city in Andrews County, Texas.']"
webNLG,['Andrews_County_Airport | 3rd_runway_LengthFeet | 2939'],"['The third runway length of Andrews County Airport is 2,939 feet.', ""The Andrews County Airport's 3rd runway length in ft is 2939."", 'The length of the 3rd runway at Andrews County Airport is 2939 feet.']"
webNLG,['Andrews_County_Airport | 4th_runway_LengthFeet | 25'],"['Andrews County Airport is 4th runway length feet of 25.', 'The fourth runway at Andrews County Airport is 25 feet long.', ""Andrews County Airport's 4th runway has a length in feet of 25.""]"
webNLG,"['Andrews_County_Airport | 4th_runway_SurfaceType | ""Asphalt""']","['The fourth runway at Andrews County Airport is made from asphalt.', 'The Andrews County Airport fourth runway is made of asphalt.', 'The 4th runway at Andrews County Airport is made of Asphalt.']"
webNLG,['Andrews_County_Airport | location | Texas'],['Andrews County Airport is located in Texas.']
webNLG,"['Andrews_County_Airport | locationIdentifier | ""E11""']","['Andrews Country Airport location identifier is E11.', 'E11 is the location identifier of Andrews County Airport.', 'Andrews County Airport is located in E11.']"
webNLG,['Andrews_County_Airport | runwayLength | 1773.0'],"['The length of the runway at Andrews County Airport is 1773 metres.', 'The runway length at Andrews County airport is 1773.0.', ""Andrews County Airport's runway length is 1773.0.""]"
webNLG,['Andrews_County_Airport | runwayLength | 8.0'],"['Andrews County Airport runway is 8 meters long.', 'The runway length of Andrews County Airport is 8.0.', 'Andrews County Airport runway length is 8.0.']"
webNLG,['Andrews_County_Airport | runwayLength | 929.0'],"['The runway length of Andrews County airport is 929.0.', ""The Andrews County Airport's runway length is 929.""]"
webNLG,"['Andrews_County_Airport | runwayName | ""16/34""']","[""Andrews Country Airport's runway name is 16/34."", '16/34 is the runway name of Andrews County Airport.']"
webNLG,"['Andrews_County_Airport | runwayName | ""2/20""']","['The runway name of Andrews County Airport is 2/20.', '2/20 is the name of the runway of Andrews County Airport.']"
webNLG,['Angola_International_Airport | 1st_runway_LengthFeet | 13123'],"['The length of the first runway at Angola International Airport is 13,123 feet.', 'The first runway of Angola International Airport is 13123 feet long.', 'The 1st runway length in feet of Angola International Airport is 13123.']"
webNLG,['Angola_International_Airport | 1st_runway_Number | 5'],"['Angola International Airport 1st runway is Number 5.', '5 is the number of the first runway of Angola International Airport.', ""Angola International Airport's 1st runway has the number 5.""]"
webNLG,['Angola_International_Airport | elevationAboveTheSeaLevel_(in_metres) | 159'],"['Angola International airport is 159 metres above sea level.', 'The Angola International Airport is 159 meters above sea level.', 'Angola International Airport is 159 metres above the sea level.']"
webNLG,['Angola_International_Airport | location | Ícolo_e_Bengo'],"['Angola International Airport is located at Ícolo e Bengo.', 'Angola International airport is located in Icolo e Bengo.', 'Angola International Airport is located in Ícolo e Bengo.']"
webNLG,['Angola_International_Airport | runwayLength | 3800.0'],"['The runway length of Angola International Airport is 3,800.', 'The runway at Angola International airport is 3800 long.', 'The runway length of Angola International Airport is 3800.0.']"
webNLG,['Angola_International_Airport | runwayLength | 4000.0'],"['4000ft is the runway length at Angola International Airport.', 'The Angola International Airport is 4000 length.', 'The runway length of Angola International Airport is 4000.0.']"
webNLG,"['Angola_International_Airport | runwayName | ""05L/23R""']","['The runway at Angola International Airport is called ""05L/23R"".', '05L/23R is the runway name at Angola International airport.', 'The runway at Angola International Airport is named 05L/23R.']"
webNLG,"['Angola_International_Airport | runwayName | ""South Runway""']","['""South Runway"" is a runway name at Angola International airport.', 'The runway at Angola International Airport is named South Runway.', 'The name of Angola International Airport runway is ""South Runway"".']"
webNLG,['Antwerp | administrativeArrondissement | Arrondissement_of_Antwerp'],"['Antwerp is admin Arrondissement of Arrondissement.', 'Arrondissement of Antwerp is the administrative arrondissement of Antwerp.', 'The administrative Arrondissement of Antwerp is the Arrondissement of Antwerp.']"
webNLG,['Antwerp | country | Belgium'],"['Antwerp is in the country of Belgium.', 'Antwerp is a popular tourist destination in Belgium.', 'Antwerp is in Belgium.']"
webNLG,['Antwerp | mayor | Bart_De_Wever'],"['The mayor of Antwerp is Bart De Wever.', 'Bart De Wever is the mayor of Antwerp.']"
webNLG,['Antwerp_International_Airport | cityServed | Antwerp'],"['Antwerp International Airport serves the city of Antwerp.', 'Antwerp is served by Antwerp International airport.']"
webNLG,"['Antwerp_International_Airport | operatingOrganisation | ""Flemish department of Mobility and Public Works""']","['Antwerp International Airport operation organization is Flemish department of mobility and public works.', 'Flemish Department of Mobility and Public Works operates the Antwerp International Airport.', 'The Flemish department of Mobility and Public Works is the operating organisation of Antwerp International Airport.']"
webNLG,['Antwerp_International_Airport | owner | Flemish_Region'],"['The owner of Antwerp International Airport is the Flemish Region.', 'Antwerp International Airport is owned by Flemish Region.', 'Antwerp International Airport is owned by the Flemish Region.']"
webNLG,['Antwerp_International_Airport | runwayLength | 1510.0'],"['The runway length at Antwerp International airport is 1510.0.', 'The runway at Antwerp International Airport is 1510 meters.', 'The runway length of Antwerp International Airport is 1510.0.']"
webNLG,['Antwerp_International_Airport | runwayLength | 600.0'],"['The runway at Antwerp International airport is 600.0 in length.', 'Antwerp International Airport has a runway length of 600.0.', 'The runway length of Antwerp International Airport is 600.0.']"
webNLG,"['Appleton,_Wisconsin | isPartOf | Grand_Chute,_Wisconsin']","['Appleton, Wisconsin is part of Grand Chute, Wisconsin.']"
webNLG,"['Appleton,_Wisconsin | isPartOf | Kimberly,_Wisconsin']","['Appleton, Wisconsin is part of Kimberly, Wisconsin.']"
webNLG,"['Appleton,_Wisconsin | isPartOf | Little_Chute,_Wisconsin']","['Appleton, Wisconsin is part of little chute, Wisconsin.', 'Appleton, Wisconsin, is part of Little Chute, Wisconsin.', 'Little Chute, Wisconsin is part of Appleton, Wisconsin.']"
webNLG,['Appleton_International_Airport | 1st_runway_LengthFeet | 8002'],"['Appleton International Airport is 1st 8002 runway length.', 'The first runway of Appleton International Airport has a length of 8002 feet.', 'The 1st runway length in feet of Appleton International Airport is 8002.']"
webNLG,"['Appleton_International_Airport | cityServed | Appleton,_Wisconsin']","['Appletone International Airport city served Appleton, Wisconsin.', 'Appleton International Airport serves the city of Appleton, Wisconsin.', 'Appleton, Wisconsin is a city which is served by Appleton International Airport.']"
webNLG,['Appleton_International_Airport | elevationAboveTheSeaLevel_(in_metres) | 280'],"['Appleton International Airport elevation above the sea level in metres is 280.', 'Appleton International Airport has an elevation of 280 metres above sea level.', 'Appleton International Airport is elevated 280 metres above sea level.']"
webNLG,"['Appleton_International_Airport | location | Greenville,_Wisconsin']","['Appleton International Airport can be found in Greenville, Wisconsin.', 'Appleton International airport is located in Greenville, Wisconsin.', 'The Appleton International Airport is in Greenville, Wisconsin.']"
webNLG,"['Appleton_International_Airport | locationIdentifier | ""ATW""']","['The location identifier for Appleton International Airport is ATW.', 'The Appleton International Airport\'s location id is ""ATW"".', 'The location identifier of Appleton International Airport is ATW.']"
webNLG,"['Appleton_International_Airport | operatingOrganisation | Outagamie_County,_Wisconsin']","['The operating organization for Appleton International Airport is in Outagamie County, Wisconsin.', 'Outagamie County, Wisconsin is the operating organisation of Appleton International Airport.', 'The operators of Appleton International Airport are in Outagamie County, Wisconsin.']"
webNLG,['Appleton_International_Airport | runwayLength | 1982.0'],"['The runway length of Appleton International Airport is 1,982.', 'The runway length at Appleton International airport is 1982.0.', ""The Appleton International Airport's runway length is 1982.""]"
webNLG,"['Appleton_International_Airport | runwayName | ""12/30""']","['The runway name of Appleton International Airport is 12/30.', '12/30 is the runway name of Appleton International Airport.']"
webNLG,"['Appleton_International_Airport | runwayName | ""3/21""']","['The runway name of Appleton International Airport is 3/21.', '3/21 is the runway name of Appleton International Airport.']"
webNLG,['Ardmore_Airport_(New_Zealand) | 2nd_runway_SurfaceType | Poaceae'],"['Poaceae is the surface type of the second runway of Ardmore Airport, New Zealand.', 'The 2nd runway at Ardmore Airport (New Zealand) is made of Poaceae.']"
webNLG,['Ardmore_Airport_(New_Zealand) | 3rd_runway_LengthFeet | 1960'],"['The 3rd runway at Ardmore Airport, New Zealand is 1960 feet in length.', ""The Ardmore Airport in New Zealand's 3rd runway length in feet is 1960."", 'The 3rd runway at Ardmore Airport (New Zealand) is 1960 feet long.']"
webNLG,['Ardmore_Airport_(New_Zealand) | 3rd_runway_SurfaceType | Poaceae'],"[""Ardmore Airport (New Zealand)'s 3rd runway surface type is Poaceae."", 'The 3rd runway at Ardmore Airport (New Zealand) is made of Poaceae.']"
webNLG,['Ardmore_Airport_(New_Zealand) | elevationAboveTheSeaLevel_(in_metres) | 34.0'],"['The Ardmore Airport in New Zealand is 34 meters above sea level.', 'Ardmore Airport, New Zealand is elevated 34.0 metres above sea level.']"
webNLG,['Ardmore_Airport_(New_Zealand) | operatingOrganisation | Civil_Aviation_Authority_of_New_Zealand'],"['The Civil Aviation Authority of New Zealand is the operating organisation for Ardmore Airport, New Zealand.', 'Ardmore Airport in New Zeland is operated by the Civil Aviation Authority of New Zealand.', 'Ardmore Airport (New Zealand) is operated by the Civil Aviation Authority of New Zealand.']"
webNLG,['Ardmore_Airport_(New_Zealand) | runwayLength | 1411.0'],"['The runway length of Ardmore Airport in New Zealand is 1,411.', 'The runway length at Ardmore airport, New Zealand is 1411.0.', ""The Ardmore Airport of New Zealand's runway length is 1411.""]"
webNLG,['Ardmore_Airport_(New_Zealand) | runwayLength | 597.0'],"['Ardmore Airport (New Zealand) runway length is 597.0.', 'The runway length of Ardmore Airport, New Zealand is 597.0.', 'The runway length of Ardmore Airport (New Zealand) is 597.0.']"
webNLG,"['Ardmore_Airport_(New_Zealand) | runwayName | ""03L/21R""']","['03L/21R is the runway name of Ardmore Airport in New Zealand.', '03L/21R is the runway name of Ardmore Airport, New Zealand.', 'The runway name at Ardmore Airport (New Zealand) is 03L/21R.']"
webNLG,"['Ardmore_Airport_(New_Zealand) | runwayName | ""03R/21L""']","['The runway at Ardmore Airport in New Zealand is called ""03R/21L"".', '03R/21L is a runway name at Ardmore Airport, New Zealand.', 'Ardmore Airport (New Zealand)\'s runway name is ""03R/21L"".']"
webNLG,"['Ardmore_Airport_(New_Zealand) | runwayName | ""07/25""']","['Ardmore Airport (New Zealand) runway name is 07/25.', '07/25 is the runway name of Ardmore Airport, New Zealand.', 'The runway name of Ardmore Airport (New Zealand) is 07/25.']"
webNLG,['Ashgabat_International_Airport | 1st_runway_LengthFeet | 12467'],"['The length of the first runway at Ashgabat International Airport is 12467 feet.', 'The 1st runway at Ashgabat International airport is 12467 feet in length.', ""Ashgabat International Airport's 1st runway has a length of 12467 feet.""]"
webNLG,['Ashgabat_International_Airport | 3rd_runway_LengthFeet | 2953'],"[""The Ashgabat International Airport's 3rd runway length in ft is 2953."", 'The length of the 3rd runway at Ashgabat International Airport is 2953 feet.']"
webNLG,"['Ashgabat_International_Airport | IATA_Location_Identifier | ""ASB""']","['ASB is the IATA location identifier for Ashgabat International airport.', 'The IATA Location Identifier of Ashgabat International Airport is ASB.']"
webNLG,['Ashgabat_International_Airport | elevationAboveTheSeaLevel_(in_metres) | 211'],"['Ashgabat International Airport is 211 metres above sea level.', 'Ashgabat International Airport is elevated 211 metres above sea level.']"
webNLG,['Ashgabat_International_Airport | location | Ashgabat'],"['Ashgabat International Airport is located in Ashgabat.', 'Ashgabat is the location of Ashgabat International Airport.']"
webNLG,['Ashgabat_International_Airport | operatingOrganisation | Turkmenistan_Airlines'],"['The operating organization for Ashgabat International Airport is called Turkmenistan Airlines.', 'Ashgabat International Airport is operated by Turkmenistan Airlines.']"
webNLG,['Ashgabat_International_Airport | runwayLength | 2989.0'],"['The runway length at Ashgabat International Airport is 2989.0 meters.', 'The runway length at Ashgabat International airport is 2989.0.', 'The average runway length at Ashgabat International Airport is 2989.0 m.']"
webNLG,['Ashgabat_International_Airport | runwayLength | 3800.0'],"['The runway length at Ashgabat International airport is 3800.0.', 'Ashgabat International Airport has a runway length of 3800.0.', 'The runway length of Ashgabat International Airport is 3800.0.']"
webNLG,['Ashgabat_International_Airport | runwayLength | 900.0'],"['The runway length at Ashgabat International Airport is 900.0.', ""Ashgabat International Airport's runway is 900 meters long."", 'The runway length of Ashgabat International Airport is 900.0.']"
webNLG,"['Ashgabat_International_Airport | runwayName | ""12L/30R""']","['12L/30R is the runway name of Ashgabat International Airport.', 'The runway name of Ashgabat International Airport is 12L/30R.']"
webNLG,"['Ashgabat_International_Airport | runwayName | ""12R/30L""']","['12R/30L is the runway name of the Ashgabat International Airport.', 'Ashgabat International Airport has the runway name 12R/30L.', 'Ashgabat International Airport has a runway named 12R/30L.']"
webNLG,['Athens | country | Greece'],"['Athens is located in the country of Greece.', 'Athens is a city in Greece.']"
webNLG,['Athens_International_Airport | cityServed | Athens'],"['The Athens International Airport serves the city of Athens.', 'Athens International Airport serves the city of Athens.']"
webNLG,['Athens_International_Airport | elevationAboveTheSeaLevel_(in_metres) | 94'],"['Athens International Airport is 94 metres above sea level.', 'The elevation above the sea level (in metres) of Athens International Airport is 94.']"
webNLG,['Athens_International_Airport | runwayLength | 3800.0'],"['The runway length at Athens International Airport is 3,800.', 'The runway length of Athens International Airport is 3800.0.']"
webNLG,['Athens_International_Airport | runwayLength | 4000.0'],"['The runway length of Athens International Airport is 4000.0.', 'Athens International Airport has a runway length of 4000.0.']"
webNLG,"['Atlantic_City,_New_Jersey | country | United_States']","['Atlantic City, New Jersey is in the U.S.A.', 'Atlantic City, New Jersey is in the United States.']"
webNLG,"['Atlantic_City,_New_Jersey | isPartOf | New_Jersey']","['Atlantic City, New Jersey is part of New Jersey.']"
webNLG,"['Atlantic_City,_New_Jersey | leaderName | Don_Guardian']","['The leader of Atlantic City, New Jersey is Don Guardian.', ""The leader's name of Atlantic City, New Jersey, is Don Guardian.""]"
webNLG,"['Atlantic_City_International_Airport | ICAO_Location_Identifier | ""KACY""']","[""Atlantic City International Airport's ICAO Location Identifier is KACY."", 'KACY is the ICAO Location Identifier of Atlantic City International Airport.']"
webNLG,"['Atlantic_City_International_Airport | cityServed | Atlantic_City,_New_Jersey']","['The Atlantic City International Airport serves Atlantic City, N.J.', 'Atlantic City International Airport serves the city of Atlantic City, New Jersey.']"
webNLG,['Atlantic_City_International_Airport | elevationAboveTheSeaLevel_(in_feet) | 75'],"['The elevation above sea level for Atlantic City International Airport is 75ft.', 'The Atlantic City International Airport is 75 feet above sea level.', 'Atlantic City International Airport has an elevation of 75 feet above sea level.']"
webNLG,['Atlantic_City_International_Airport | elevationAboveTheSeaLevel_(in_metres) | 23.0'],['The elevation above the sea level (in metres) of Atlantic City International Airport is 23.0.']
webNLG,"['Atlantic_City_International_Airport | location | Egg_Harbor_Township,_New_Jersey']","['Atlantic City International Airport is in Egg Harbor Township, N.J.', 'Atlantic City International Airport is located in Egg Harbor Township, New Jersey.', 'Atlantic City International Airport is located at Egg Harbor Township, New Jersey.']"
webNLG,['Atlantic_City_International_Airport | operatingOrganisation | Port_Authority_of_New_York_and_New_Jersey'],"['The Atlantic City International Airport is operated by the Port Authority of New York and New Jersey.', 'The Port Authority of New York and New Jersey is the operating organisation of Atlantic City International airport,.', 'Atlantic City International Airport is operated by the Port Authority of New York and New Jersey.']"
webNLG,['Atlantic_City_International_Airport | runwayLength | 1873.0'],"['The runway length of Atlantic City International Airport is 1,873.', 'The runway length of Atlantic City International Airport is 1873.', 'The runway length of Atlantic City International Airport is 1873.0.']"
webNLG,['Atlantic_City_International_Airport | runwayLength | 3048.0'],['The runway length of Atlantic City International Airport is 3048.0.']
webNLG,"['Atlantic_City_International_Airport | runwayName | ""4/22""']","['Atlantic City International Airport runway name is 4/22.', '4/22 is the runway name of Atlantic City International Airport.', 'Atlantic City International Airport has the runway name 4/22.']"
webNLG,"['Atlantic_City_International_Airport | runwaySurfaceType | ""Asphalt/Concrete""']","['The runway surface at Atlantic City International Airport is made from asphalt and concrete.', ""The Atlantic City International Airport's runway surface is made of Asphalt and Concrete.""]"
webNLG,['Belgium | capital | City_of_Brussels'],"['The capital of Belgium is Brussels.', 'The capital city of Belgium is Brussels.']"
webNLG,['Belgium | language | French_language'],"['French is the spoken language in Belgium.', 'The language of Belgium is French.', 'French is one of the languages spoken in Belgium.']"
webNLG,['Belgium | leaderName | Charles_Michel'],"[""Belgium's leader is Charles Michel."", 'The leader of Belgium is Charles Michel.']"
webNLG,['Belgium | officialLanguage | French_language'],"['French is the official language of Belgium.', 'The official language of Belgium is French.']"
webNLG,['Belgium | officialLanguage | German_language'],"['German is the official language of Belgium.', ""Belguim's official language is German."", 'German is an official language of Belgium.']"
webNLG,['Civil_Aviation_Authority_of_New_Zealand | location | Wellington'],"['The Civil Aviation Authority of New Zealand is in Wellington.', 'The Civil Aviation Authority of New Zealand is located in Wellington.']"
webNLG,['Curitiba | country | Brazil'],"['Curitiba is located in Brazil.', 'Curitiba is in Brazil.']"
webNLG,['Curitiba | isPartOf | Paraná_(state)'],"['Curitiba is part of the State of Paraná.', 'Curitiba is part of Parana state.', 'Curitaba is part of the state of Parana.']"
webNLG,['Curitiba | leaderName | Democratic_Labour_Party_(Brazil)'],['Curitiba is led by the Democratic Labour Party (Brazil).']
webNLG,['Denmark | language | Danish_language'],"['Denmark language is Danish language.', 'Danish is the language of Denmark.', 'The language of Denmark is Danish.']"
webNLG,['Denmark | language | Faroese_language'],"['The Faroese language is spoken in Denmark.', ""Denmark's language is Faroese.""]"
webNLG,['Denmark | language | German_language'],"['German is the language spoken in Denmark.', 'German is the language of Denmark.', 'German is a language spoken in Denmark.']"
webNLG,['Denmark | language | Greenlandic_language'],"['Greenlandic is the language spoken in Denmark.', 'The Greenlandic language is spoken in Denmark.', 'One of the languages of Denmark is Greenlandic.']"
webNLG,['Denmark | leaderName | Margrethe_II_of_Denmark'],"[""Denmark's leader is Margrethe II of Denmark."", 'Margrethe II of Denmark is the leader of Denmark.', 'The Queen of Denmark is Margrethe II.']"
webNLG,['ENAIRE | locationCity | Madrid'],"['ENAIRE is in the city of Madrid.', 'ENAIRE is located in the city of Madrid.', 'ENAIRE is located in Madrid.']"
webNLG,"['Egg_Harbor_Township,_New_Jersey | country | United_States']","['Egg Harbor Township, New Jersey is in the United States.', 'Egg Harbor Township is located in New Jersey, in the United States.']"
webNLG,"['Egg_Harbor_Township,_New_Jersey | isPartOf | Atlantic_County,_New_Jersey']","['Egg Harbor Township is a township in Atlantic County, New Jersey, United States.', 'The Egg Harbor Township,New Jersey is a part of Atlantic County, New Jersey.', 'Egg Harbor Township, New Jersey, is part of Atlantic County, New Jersey.']"
webNLG,"['Egg_Harbor_Township,_New_Jersey | isPartOf | New_Jersey']","['Egg Harbor Township, New Jersey is part of New Jersey.', 'Egg Harbor Township is a part of New Jersey.', 'Egg Harbor Township, New Jersey, is part of New Jersey.']"
webNLG,['Flemish_Government | jurisdiction | Flanders'],"['Flemish Government jurisdiction is Flanders.', 'Flanders is the jurisdiction of the Flemish Government.', 'The Flemish Government has its jurisdiction in Flanders.']"
webNLG,['Flemish_Government | jurisdiction | Flemish_Region'],"['Flemish Government jurisdiction is Flemish Region.', 'The Flemish Government has jurisdiction of the Flemish region.', 'The jurisdiction of the Flemish Government is the Flemish Region.']"
webNLG,['Flemish_Region | country | Belgium'],['The Flemish region is in the country of Belgium.']
webNLG,['Greece | demonym | Greeks'],"['Greece demonym is Greeks.', 'The people of Greece are called Greeks.', 'The demonym of the inhabitants of Greece is Greeks.']"
webNLG,['Greece | leaderName | Alexis_Tsipras'],"['Greece leader name is Alexis Tsipras.', 'Alexis Tsipras is the name of the leader of Greece.', 'The leader of Greece is Alexis Tsipras.']"
webNLG,['Greece | leaderName | Prokopis_Pavlopoulos'],"[""Greece's leader name is Prokopis Pavlopoulos."", 'Prokopis Pavlopoulos is the leader of Greece.', 'Prokopis Pavlopoulos is the name of the Leader of Greece.']"
webNLG,"['Greenville,_Wisconsin | isPartOf | Clayton,_Winnebago_County,_Wisconsin']","['Greenville, Wisconsin, is part of Clayton Winnebago County, Wisconsin.', 'Greenville, Wisconsin is part of Clayton, Winnebago County, Wisconsin.']"
webNLG,"['Greenville,_Wisconsin | isPartOf | Dale,_Wisconsin']","['Greenville, Wisconsin is part of Dale, Wisconsin.']"
webNLG,"['Greenville,_Wisconsin | isPartOf | Ellington,_Wisconsin']","['Greenville, Wisconsin is part of Ellington, Wisconsin.', 'Greenville, Wisconsin, is part of Ellington, Wisconsin.']"
webNLG,"['Greenville,_Wisconsin | isPartOf | Menasha_(town),_Wisconsin']","['Greenville, Wisconsin is part of Menasha, Wisconsin.', 'Greenville is part of the town of Menasha in Wisconsin.', 'Greenville, Wisconsin is part of Menasha (town), Wisconsin.']"
webNLG,"['Harrietstown,_New_York | country | United_States']","['Harrietsown, New York, is located in United States.', 'Harrietstown, New York is in the United States.']"
webNLG,"['Harrietstown,_New_York | isPartOf | New_York']","['Harrietstown, New York is part of New York.', 'Harrietstown, New York, is part of New York.', 'Harrietstown is part of New York.']"
webNLG,['India | leaderName | Narendra_Modi'],"['Narendra Modi is the leader of India.', 'The leader of India is Narendra Modi.']"
webNLG,['India | leaderName | T._S._Thakur'],"['One of the leaders of India is called T. S. Thakur.', 'T S Thakur is a leader of India.', 'The leader of India is T.S. Thakur.']"
webNLG,['Indian_Air_Force | aircraftHelicopter | HAL_Light_Combat_Helicopter'],"[""India's Air Force has an aircraft-capable helicopter known as the HAL Light Combat Helicopter."", 'The HAL Light Combat Helicopter is an aircraft helicopter of the Indian Air Force.', 'The HAL Light Combat Helicopter is a Helicopter used by the Indian Air Force.']"
webNLG,['Indian_Air_Force | transportAircraft | Boeing_C-17_Globemaster_III'],"['The Boeing C-17 Globemaster III is a transport aircraft in the Indian Air Force.', 'The transport aircraft for the Indian Air Force is the Boeing C-17 Globemaster III.']"
webNLG,['Infraero | location | Brasília'],"['Infraero is in Brasilia.', 'Infraero is located in Brasilia.']"
webNLG,['Infraero | location | Brazil'],"['Infraero location is in Brazil.', 'Infraero is in Brazil.', 'Infraero is located in Brazil.']"
webNLG,['Iraq | currency | Iraqi_dinar'],"['The currency in Iraq is the Iraqi dinar.', 'The currency of Iraq is the Iraqi dinar.']"
webNLG,['Iraq | language | Kurdish_languages'],['The Kurdish languages are spoken in Iraq.']
webNLG,['Iraq | leaderName | Fuad_Masum'],"['Iraq is led by Fuad Masum.', ""Iraq's leader is Fuad Masum."", 'The leader of Iraq is Fuad Masum.']"
webNLG,['Iraq | leaderName | Haider_al-Abadi'],"['Iraq leader name is Haider Al-Abadi.', 'Haider al-Abadi is the name of the leader of Iraq.', 'The leader if Iraq is called Haider al-Abadi.']"
webNLG,['Iraq | officialLanguage | Arabic'],"['The official language of Iraq is Arabic.', 'Arabic is the official language of Iraq.']"
webNLG,['Lahore | country | Pakistan'],"['Lahore is in Pakistan.', 'Lahore is located in Pakistan.']"
webNLG,"['Lake_Placid,_New_York | country | United_States']","['Lake Placid, New York is located in the United States.']"
webNLG,"['Lake_Placid,_New_York | isPartOf | Essex_County,_New_York']","['Lake Placid, New York is part of Essex County, New York.']"
webNLG,"['Lake_Placid,_New_York | isPartOf | New_York']","['Lake Placid, New York is part of New York.', 'Lake Placid, New York, is part of New York.']"
webNLG,['Luanda | country | Angola'],"['Luanda is in the country of Angola.', 'Luanda is located in Angola.']"
webNLG,['Madrid | isPartOf | Community_of_Madrid'],['Madrid is part of the community of Madrid.']
webNLG,['Madrid | leaderParty | Ahora_Madrid'],"['Ahora Madrid is the leading party of Madrid.', 'The leader party in Madrid is Ahora Madrid.']"
webNLG,"['Maple_Ridge_Township,_Alpena_County,_Michigan | country | United_States']","['Maple Ridge Townshio, Alpena County Michigan is in the United States.', 'The Maple Ridge Township, Alpena County, Michigan is in the U.S.', 'Maple Ridge Township, Alpena County, Michigan is located in the United States.']"
webNLG,['Pakistan | leaderName | Mamnoon_Hussain'],"[""Pakistan's leader is Mamnoon Hussain."", 'Mamnoon Hussain is the leader of Pakistan.', 'Mamnoon Hussain is a leader of Pakistan.']"
webNLG,['Pakistan | leaderName | Nawaz_Sharif'],"[""Pakistan's leader is Nawaz Sharif."", 'The leader of Pakistan is Nawaz Sharif.']"
webNLG,['Pakistan_Civil_Aviation_Authority | headquarter | Jinnah_International_Airport'],"['The Pakistan Civil Aviation Authority is headquartered at Jinnah International Airport.', 'The Pakistan Civil Aviation Authority Headquarters is the Jinnah International Airport.', 'The headquarters of the Pakistan Civil Aviation Authority are at Jinnah International Airport.']"
webNLG,['Pakistan_Civil_Aviation_Authority | location | Jinnah_International_Airport'],"[""Pakistan Civil Aviation Authority's location is Jinnah International Airport."", 'The Pakistan Civil Aviation Authority is in the Jinnah International Airport.', 'The Pakistan Civil Aviation Authority is located at Jinnah International Airport.']"
webNLG,['Paracuellos_de_Jarama | country | Spain'],"['Paracuellos de Jarama is in Spain.', 'Paracuellos de Jarama is located in Spain.']"
webNLG,['Poaceae | class | Monocotyledon'],"['Poaceae class is Monocotyledon.', 'Poaceae is in the class Monocotyledon.']"
webNLG,['Poaceae | division | Flowering_plant'],['Poaceae belongs to the division of flowering plants.']
webNLG,['Poaceae | order | Commelinids'],"['Poaceae belongs to the order of Commelinids.', 'Poaceae is the order of Commelinids.']"
webNLG,['Poaceae | order | Poales'],"['Poaceae is of the Poales order.', 'Poaceae is of the order Poales.', 'Poaceae is a member of the order of Poales.']"
webNLG,['Port_Authority_of_New_York_and_New_Jersey | headquarter | New_York'],"[""Port Authority of New York and New Jersey's headquarter is New York."", 'New York is the base of the Port Authority of New York and New Jersey.', 'The Port Authority of New York and New Jersey has its headquarters in New York.']"
webNLG,['Port_Authority_of_New_York_and_New_Jersey | regionServed | New_York'],"['The Port Authority of New York and New Jersey serves the New York region.', 'The Port Authority of New York and New Jersey serves New York.']"
webNLG,"['Punjab,_Pakistan | country | Pakistan']","['Punjab is found in the country Pakistan.', 'Punjab is in Pakistan.']"
webNLG,"['Punjab,_Pakistan | leaderName | Malik_Muhammad_Rafique_Rajwana']","['Malik Muhammad Rafique Rajwana is a leader in the Punjab, Pakistan.', 'Malik Muhammad Rafique Rajwana is the leader of Punjab, Pakistan.', ""Punjab, Pakistan's leader is Malik Muhammad Rafique Rajwana.""]"
webNLG,"['Punjab,_Pakistan | leaderName | Shehbaz_Sharif']","['The leader of Punjab, Pakistan is Shehbaz Sharif.']"
webNLG,"['Punjab,_Pakistan | leaderTitle | Provincial_Assembly_of_the_Punjab']","['The Punjab, Pakistan, is led by the Provincial Assembly of the Punjab.', 'Punjab, Pakistan is led by the Provincial Assembly of the Punjab.']"
webNLG,['San_Sebastián_de_los_Reyes | isPartOf | Community_of_Madrid'],"['San Sebastian de los Reyes is part of the Community of Madrid.', 'San Sebastián de los Reyes is part of the Community of Madrid.']"
webNLG,"[""San_Sebastián_de_los_Reyes | leaderParty | People's_Party_(Spain)""]","[""The People's Party is the lead party of San Sebastian de los Reyes, Spain.""]"
webNLG,"['Saranac_Lake,_New_York | country | United_States']","['Saranac Lake, New York is located in the U.S.', 'Saranac Lake New York is located in the United States.', 'Saranac Lake, New York is located in the United States.']"
webNLG,"['Saranac_Lake,_New_York | isPartOf | Essex_County,_New_York']","['Saranac Lake, New York is part of Essex County, New York.']"
webNLG,"['Saranac_Lake,_New_York | isPartOf | Harrietstown,_New_York']","['Saranac Lake, New York is part of Harrietstown, New York.', 'Saranac Lake, New York, is part of Harrietstown, New York.']"
webNLG,['South_Jersey_Transportation_Authority | leaderName | Stephen_Dilts'],"[""South Jersey Transportation Authority's leader name is Stephen Dilts."", 'Stephen Dilts is the head of the South Jersey Transportation Authority.', 'Stephen Dilts is the leader of the South Jersey Transportation Authority.']"
webNLG,['São_José_dos_Pinhais | isPartOf | Paraná_(state)'],"['São José dos Pinhais is part Of Paraná (state).', 'São José dos Pinhais is part of the state of Paraná.', 'Sao Jose dos Pinhais is part of Parana.']"
webNLG,"['São_José_dos_Pinhais | isPartOf | South_Region,_Brazil']","['São José dos Pinhais is part of the south region of Brazil.', 'Sao Jose dos Pinhais is part of the South Region, Brazil.']"
webNLG,"['Texas | capital | Austin,_Texas']","['Austin is the capital of Texas.', 'The capital of Texas is Austin.']"
webNLG,['Texas | country | United_States'],"['Texas is in the United States.', 'Texas is located in the United States.']"
webNLG,['Texas | demonym | Tejano'],"['Texas demonym is Tejano.', 'The inhabitants of Texas have the demonym of Tejano.', 'A Tejano is a demonym term used in Texas.']"
webNLG,['Texas | demonym | Texan'],"['The people of Texas are known as Texans.', 'The inhabitants of Texas have the demonym Texan.', 'The people of Texas are called Texans.']"
webNLG,['Texas | language | English_language'],"['English is spoken in Texas.', 'English is the language of Texas.', 'The language spoken in Texas is English.']"
webNLG,['Texas | language | Spanish_language'],"['Spanish is spoken in Texas.', 'Spanish is a language spoken in Texas.']"
webNLG,['Tirstrup | country | Denmark'],"['Tirstrup is located in the country of Denmark.', 'Tirstrup is in the country of Denmark.', 'Tirstrup is in Denmark.']"
webNLG,['Tirstrup | isPartOf | Central_Denmark_Region'],['Tirstrup is part of the Central Denmark region.']
webNLG,['Tirstrup | isPartOf | Denmark'],['Tirstrup is part of Denmark.']
webNLG,['Turkmenistan_Airlines | headquarter | Ashgabat'],"['The headquarters of Turkmenistan Airlines are located in Ashgabat.', 'The headquarters of Turkmenistan Airlines are in Ashgabat.']"
webNLG,['Turkmenistan_Airlines | headquarter | Turkmenistan'],"['The headquarters of Turkmenistan Airlines are located in Turkmenistan.', 'The headquarters of Turkmenistan Airlines are in Turkmenistan.']"
webNLG,['Turkmenistan_Airlines | hubAirport | Ashgabat_International_Airport'],"['The hub airport for Turkmenistan airlines is Ashgabat International airport.', 'Turkmenistan Airlines utilizes the Ashgabat International Airport as its hub.']"
webNLG,['Turkmenistan_Airlines | hubAirport | Turkmenabat_Airport'],"['The hub airport for Turkmenistan Airlines is Turkmenabat Airport.', 'Turkmenabat airport is the hub for Turkmenistan airlines.']"
webNLG,['Turkmenistan_Airlines | hubAirport | Turkmenbashi_International_Airport'],"['The hub airport for Turkmenistan Airlines is Turkmenbashi International Airport.', 'The hub Airport of Turkmenistan Airlines is Turkmenbashi International Airport.']"
webNLG,['United_States_Air_Force | aircraftFighter | General_Dynamics_F-16_Fighting_Falcon'],"['United States Air FOrce aircraft fighter is General Dynamics F-16 Fighting Falcon.', 'The General Dynamics F-16 Fighting Falcon is an aircraft fighter in the United States Air Force.']"
webNLG,['United_States_Air_Force | aircraftFighter | McDonnell_Douglas_F-15_Eagle'],"[""United States Air Force's aircraft fighter is called McDonnell Douglas F-15 Eagle."", 'The McDonnell Douglas F-15 Eagle is an aircraft fighter in the U.S. Air Force.', 'McDonnell Douglas F-15 Eagle was a Fighter Aircraft of the United States Air Force.']"
webNLG,['United_States_Air_Force | attackAircraft | Lockheed_AC-130'],"['The Lockheed AC-130 can be found on USAF aircraft carriers.', 'The Lockheed AC-130 is an attack aircraft of the United States Air Force.']"
webNLG,['United_States_Air_Force | battles | Invasion_of_Grenada'],"['One of the noted United States Air Force battles was the Invasion of Grenada.', 'The United States Air Force was involved in battles at the Invasion of Grenada.', 'The United States Air Force battled in the Invasion of Grenada.']"
webNLG,['United_States_Air_Force | battles | Korean_War'],"['The United States Air Force fought battles in the Korean war.', 'The United States Air Force has fought in the Korean War.']"
webNLG,['United_States_Air_Force | battles | Operation_Enduring_Freedom'],"['The Operation Enduring Freedom is one of the battles of the United States Air Force.', 'Operation Enduring Freedom was a battle involving the United States Air Force.']"
webNLG,['United_States_Air_Force | battles | United_States_invasion_of_Panama'],"['The USAF was involved in the Invasion of Panama.', 'The United States invasion of Panama was a battle involving the United States Air Force.']"
webNLG,['United_States_Air_Force | transportAircraft | Lockheed_C-130_Hercules'],"['Lockheed C-130 Hercules is a transport aircraft in the United States Air Force.', 'The transport aircraft for the United States Air Force is the Lockheed C-130 Hercules.']"
webNLG,['Uttar_Pradesh | isPartOf | Awadh'],['Uttar Pradesh is part of Awadh.']
webNLG,['Uttar_Pradesh | isPartOf | Bundelkhand'],['Uttar Pradesh is part of Bundelkhand.']
webNLG,['Uttar_Pradesh | leaderName | Ram_Naik'],"['Ram Naik is the leader in Uttar Pradesh.', 'The leader name of Uttar Pradesh is Ram Naik.']"
webNLG,"['Wilson_Township,_Alpena_County,_Michigan | country | United_States']","['Wilson Township, in Alpena County, Michigan is in the U.S.A.', 'Wilson Township, Alpena County, Michigan is in the United States.', 'The Wilson Township, Alpena County, Michigan is in the United States.']"
webNLG,"['Wilson_Township,_Alpena_County,_Michigan | isPartOf | United_States']","['Wilson Township, Alpena County, Michigan is part of the United States.']"
webNLG,['Ícolo_e_Bengo | country | Angola'],"['Ícolo e Bengo is in Angola.', 'Ícolo e Bengo is located in Angola.']"
webNLG,['Ícolo_e_Bengo | isPartOf | Luanda_Province'],"['Ícolo e Bengo is in the Luanda Province.', 'Ícolo e bengo is part of Luanda Province.']"
