prefix,input_text,target_text
webNLG,['Ajoblanco | country | Spain'],"['Ajoblanco originates from the country of Spain.', 'Ajoblanco is from Spain.']"
webNLG,['Ajoblanco | ingredient | Almond'],"['Ajoblanco has almond as one of its ingredients.', 'Almond is an ingredient in ajoblanco.']"
webNLG,['Ajoblanco | ingredient | Bread'],['Bread is an ingredient of Ajoblanco.']
webNLG,['Ajoblanco | ingredient | Garlic'],"['An ingredient of Ajoblanco is garlic.', 'Garlic is an ingredient used in Ajoblanco.']"
webNLG,['Ajoblanco | ingredient | Olive_oil'],['Olive oil is an ingredient in Ajoblanco.']
webNLG,['Ajoblanco | ingredient | Water'],"['Ajoblanco contains water.', 'Water is an ingredient in Ajoblanco.']"
webNLG,['Ajoblanco | region | Andalusia'],"['Ajoblanco is a food found in Andalusia.', 'Ajoblanco is from the Andalusia region.', 'Ajoblanco is from Andalusia.']"
webNLG,['Almond | division | Flowering_plant'],"['Almond is classed as a flowering plant.', 'Almonds are in the division of flowering plants.']"
webNLG,['Almond | family | Rosaceae'],"['Almond is part of the Rosaceae family.', 'Almonds are from the Rosaceae family.']"
webNLG,['Almond | order | Rosales'],['Almond is one of the members of the Rosales order.']
webNLG,['Almond | order | Rosids'],"['Almond is part of the order of Rosids.', 'Almonds are from the order Rosids.']"
webNLG,['Amatriciana_sauce | country | Italy'],"['Italy is the country Amatriciana sauce comes from.', 'Amatriciana sauce is a traditional Italian sauce.', 'Amatriciana sauce can be found in Italy.']"
webNLG,['Amatriciana_sauce | course | Italian_meal_structure'],['Amatriciana sauce can be found in an Italian meal.']
webNLG,"['Amatriciana_sauce | dishVariation | ""Onion, garlic, black pepper, chili""']","['A variation of Amatriciana sauce includes onion, garlic, black pepper, and chili.', 'A variation of Amatriciana sauce contains onion, garlic, black pepper, chili.']"
webNLG,['Amatriciana_sauce | dishVariation | Garlic'],"['Amatriciana sauce can be varied by adding garlic.', 'One variation of Amatriciana sauce uses garlic as part of its dish.']"
webNLG,['Amatriciana_sauce | dishVariation | Onion'],['Onion is one variation of ingredients in Amatriciana sauce.']
webNLG,['Amatriciana_sauce | ingredient | Guanciale'],"['Guanciale is an ingredient of Amatriciana sauce.', 'Guanciale is an ingredient used in the preparation of Amatriciana sauce.', 'Guanciale is an ingredient in Amatriciana sauce.']"
webNLG,['Amatriciana_sauce | ingredient | Olive_oil'],"['Olive oil is one ingredient in Amatriciana sauce.', 'Olive oil is an ingredient of Amatriciana sauce.']"
webNLG,['Amatriciana_sauce | ingredient | Tomato'],"['Amatriciana sauce has tomato as one of its ingredients.', 'Tomato is an ingredient in Amatriciana sauce.', 'Tomato is an ingredient of Amatriciana sauce.']"
webNLG,"['Amatriciana_sauce | mainIngredients | ""Tomatoes, guanciale, cheese, olive oil""']","['Tomatoes, guanciale, cheese, olive oil are the main ingredients of Amatriciana sauce.']"
webNLG,['Amatriciana_sauce | region | Lazio'],"['Amatriciana sauce comes from the region of Lazio.', 'Amatriciana is a sauce from Lazio.', 'Amatriciana sauce is from the Lazio region.']"
webNLG,['Andalusia | leaderName | Susana_Díaz'],"['Susana Diaz is a leader of Andalusia.', 'Susana Diaz is the leader of Andalusia.']"
webNLG,['Antioquia_Department | country | Colombia'],"['The Antioquia Department is found in Colombia.', 'The Antioquia Department can be found in the country of Colombia.']"
webNLG,['Arem-arem | country | Indonesia'],"['Arem-arem is a food found in Indonesia.', 'Arem arem originates from the country of Indonesia.', 'The country of Indonesia commonly serves Arem-arem.']"
webNLG,"['Arem-arem | course | ""Main course""']","['Arem-arem can be served as a main course.', 'Arem arem is a main course.']"
webNLG,['Arem-arem | dishVariation | Lemper'],"['Lemper is a dish variation of Arem-Arem.', 'Lemper is a variation of Arem arem.']"
webNLG,['Arem-arem | ingredient | Banana_leaf'],"['Banana leaf is an ingredient in Arem arem.', 'Arem-arem uses the ingredient banana leaf.', 'Arem-arem have banana leaf in it.']"
webNLG,"['Arem-arem | mainIngredients | ""compressed rice cooked in banana leaf with vegetables or minced meat fillings""']",['The main ingredients of Arem-arem are compressed rice cooked in banana leaf with vegetables or minced meat fillings.']
webNLG,['Arem-arem | region | Javanese_cuisine'],['Arem-arem is a dish of Javanese cuisine.']
webNLG,['Arrabbiata_sauce | country | Italy'],"['Arrabbiata sauce can be found in Italy.', 'Arrabbiata sauce is from Italy.']"
webNLG,['Arrabbiata_sauce | dishVariation | Basil'],"['Arrabbiata sauce has basil as a variation.', 'To vary arrabbiata sauce, basil may be used.', 'Basil can be included in Arrabbiaita sauce.']"
webNLG,['Arrabbiata_sauce | dishVariation | Oregano'],"['Oregano is one of the ingredients that can be used in a variation of Arrabbiata sauce.', 'Oregano can be added to Arrabbiata sauce.']"
webNLG,['Arrabbiata_sauce | ingredient | Garlic'],"['Garlic is an ingredient in arrabbiata sauce.', 'An ingredient of arrabbiata sauce is garlic.']"
webNLG,['Arrabbiata_sauce | ingredient | Olive_oil'],"['Olive oil is an ingredient in Arrabbiata sauce.', 'Olive oil is an ingredient used in the preparation of Arrabbiata sauce.']"
webNLG,['Arrabbiata_sauce | ingredient | Tomato'],"['Tomato is an ingredient in Arrabbiata sauce.', 'Tomatoes are found in Arrabbiata sauce.', 'Arrabbiata sauce includes tomatoes.']"
webNLG,['Arrabbiata_sauce | region | Rome'],"['Arrabbiata sauce originates from the region of Rome.', 'Arrabbiata sauce is a traditional dish from Rome.', 'Arrabbiata sauce is from the Rome region.']"
webNLG,['Arròs_negre | country | Spain'],"['Arròs negre is a traditional dish from Spain.', 'Arròs negre is from Spain.']"
webNLG,['Arròs_negre | ingredient | Cephalopod_ink'],"['Cephalopod ink is an ingredient of Arròs negre.', 'Cephalopod ink is an ingredient in the dish Arròs negre.', 'Cephalopod ink is an ingredient in Arròs negre.']"
webNLG,['Arròs_negre | ingredient | Cubanelle'],"['Cubanelle is an ingredient in Arros negre.', 'Cubanelle is one of the ingredients in Arros negre.']"
webNLG,"['Arròs_negre | mainIngredients | ""White rice, cuttlefish or squid, cephalopod ink, cubanelle peppers""']","['The main ingredients in arròs negre are white rice, cuttlefish or squid, cephalopod ink and cubanelle peppers.', 'The main ingredients of Arròs negre are white rice, cuttlefish or squid, cephalopod ink, cubanelle peppers.', 'The main ingredients of Arros negre are white rice, cuttlefish or squid, cephalopod ink, cubanelle peppers.']"
webNLG,"['Asam_pedas | alternativeName | ""Asam padeh""']","['The alternative name for asam pedas is asam padeh.', 'Asam padeh is also known as Asam pedas.', 'An alternative name for Asam pedas is Asam padeh.']"
webNLG,"['Asam_pedas | country | ""Indonesia and Malaysia""']","['Asam pedas comes from the countries of Indonesia and Malaysia.', 'Asam pedas is from Indonesia and Malaysia.']"
webNLG,['Asam_pedas | country | Indonesia'],"['Indonesia is the country Asam pedas comes from.', 'Asam pedas is a dish that is popular in Indonesia.', 'The Asam pedas is popular in Indonesia.']"
webNLG,['Asam_pedas | creatorOfDish | Malay_cuisine'],['Asam pedas is a dish that was created within Malay cuisine.']
webNLG,['Asam_pedas | creatorOfDish | Padang_cuisine'],['Padang cuisine has resulted in the creation of the dish Asam pedas.']
webNLG,"['Asam_pedas | mainIngredients | ""Fish cooked in sour and hot sauce""']","['The main ingredients of Asam pedas are fish cooked in sour and hot sauce.', 'The main ingredients of asam pedas consist of fish cooked in a sour and hot sauce.', 'Asam pedas is a dish of fish cooked in a sour and hot sauce.']"
webNLG,"['Asam_pedas | region | ""Sumatra and Malay Peninsula""']","['Asam pedas is found in the region of Sumatra and Malay peninsula.', 'The dish Asam pedas comes from the region of Sumatra and the Malay Peninsula.', 'Asam pedas is from the Sumatra and Malay Peninsula regions.']"
webNLG,['Asam_pedas | region | Malay_Peninsula'],"['Asam pedas is a food found in the Malay Peninsula.', 'Asam pedas is from the Malay Peninsula region.', 'Asam pedas hails from Malay Peninsula.']"
webNLG,['Asam_pedas | region | Sumatra'],['Asam pedas is a dish from Sumatra.']
webNLG,['Avocado | family | Lauraceae'],"['The avocado is a member of the Lauraceae family.', 'Avocado is part of the Lauraceae family.', 'The avocado plant belongs to the Lauraceae family.']"
webNLG,['Avocado | order | Laurales'],"['Avocado is under the order of laurales.', 'The avocado is a member of the Laurales plant order.', 'Avocado is a fruit of the order Laurales.']"
webNLG,['Ayam_penyet | country | Indonesia'],['Ayam penyet is from Indonesia.']
webNLG,['Ayam_penyet | country | Java'],"['Ayam penyet is a food found in Java.', 'The country of Ayam penyet is Java.']"
webNLG,['Ayam_penyet | ingredient | Fried_chicken'],"['Fried chicken is an ingredient in Ayam penyet.', ""Fried chicken is one of the ingredients in the dish 'Ayam Penyet'."", 'Ayam penyet has fried chicken in it.']"
webNLG,"['Ayam_penyet | mainIngredients | ""Squeezed"" or ""smashed"" fried chicken served with sambal']","['The main ingredients of Ayam penyet are ""squeezed"" or ""smashed"" chicken served with sambal.', ""Ayam penyet's main ingredients are squeezed or smashed fried chicken served with sambal."", '""Squeezed"" or ""smashed"" fried chicken served with sambal is a main ingredient in ayam penyet.']"
webNLG,"['Ayam_penyet | region | ""Nationwide, also can be found in Malaysia and Singapore""']","['Ayam penyet can be found nationwide and also in Malaysia and Singapore.', 'Ayam penyet is made nationwide, and can also be found in Malaysia and Singapore.']"
webNLG,['Ayam_penyet | region | Malaysia'],"['Ayam penyet comes from the region of Malaysia.', 'Ayam Penyet is a dish from Malaysia.', 'Ayam penyet is a popular dish in Malaysia.']"
webNLG,['BLT | dishVariation | Club_sandwich'],"['The BLT is a variation on the club sandwich.', 'BLT is a variation of a Club Sandwich.', 'BLT is a variation of club sandwich.']"
webNLG,['BLT | ingredient | Lettuce'],"['one of the ingredients of the BLT sandwich is Lettuce.', 'Lettuce is an ingredient in a BLT.']"
webNLG,['Bacon_Explosion | country | United_States'],"['The country Bacon Explosion comes from is the United States.', 'The United States is the country of the Bacon Explosion.', 'Bacon Explosion comes from the United States.']"
webNLG,"['Bacon_Explosion | course | ""Main course""']",['Bacon Explosion is a main course.']
webNLG,['Bacon_Explosion | ingredient | Bacon'],"['Bacon is an ingredient in a Bacon Explosion.', ""Bacon is an ingredient in the dish 'Bacon Explosion'.""]"
webNLG,['Bacon_Explosion | ingredient | Sausage'],"['An ingredient of a bacon explosion is sausage.', 'Sausage in an ingredient in bacon explosion.', 'Sausage is an ingredient of a Bacon Explosion.']"
webNLG,"['Bacon_Explosion | mainIngredients | ""Bacon,sausage""']","['The main ingredients in a bacon explosion are bacon and sausage.', 'The main ingredients of Bacon Explosion are bacon and sausage.', 'Bacon and sausage are the main ingredients of a Bacon Explosion.']"
webNLG,['Bacon_Explosion | mainIngredients | Bacon'],['The main ingredient in a Bacon Explosion is bacon.']
webNLG,['Bacon_Explosion | mainIngredients | Sausage'],"['Sausage is a main ingredient of Bacon Explosion.', 'sausage is a main ingredient in bacon explosion.']"
webNLG,['Bacon_Explosion | region | Kansas_City_metropolitan_area'],['Bacon Explosion is from the Kansas City metropolitan area.']
webNLG,"['Bacon_sandwich | alternativeName | ""Bacon butty, bacon sarnie, rasher sandwich, bacon sanger, piece \'n bacon, bacon cob, bacon barm, bacon muffin""']","[""The bacon sandwich has different names including: Bacon butty, bacon sarnie, rasher sandwich, bacon sanger, piece 'n bacon, bacon cob, bacon barm and bacon muffin."", ""a bacon sandwich can also be known as a bacon butty, bacon sarnie, rasher sandwich, bacon sanger, piece 'n bacon, bacon cob, bacon barm, or bacon muffin.""]"
webNLG,['Bacon_sandwich | country | United_Kingdom'],"['Bacon sandwich is a dish from the United Kingdom.', 'The country that bacon sandwich comes from is the United Kingdom.', 'Bacon sandwiches are popular in the UK.']"
webNLG,['Bacon_sandwich | dishVariation | BLT'],"['A variation of a bacon sandwich is the BLT.', 'Another variation for a bacon sandwich is a BLT.', 'Bacon sandwich is a variation of BLT.']"
webNLG,['Bacon_sandwich | ingredient | Bacon'],['A bacon sandwich includes the ingredient bacon.']
webNLG,['Bacon_sandwich | ingredient | Bread'],"['An ingredient in a bacon sandwich is bread.', 'One ingredient of a bacon sandwich is bread.', 'Bread is an ingredient of a bacon sandwich.']"
webNLG,['Bacon_sandwich | ingredient | Brown_sauce'],"['An ingredient in a bacon sandwich is brown sauce.', 'Brown sauce is an ingredient in a bacon sandwich.', 'Brown sauce is an ingredient of a Bacon Sandwich.']"
webNLG,['Bacon_sandwich | ingredient | Condiment'],"['Condiments are an ingredient in a bacon sandwich.', 'Condiments are used in the preparation of a bacon sandwich.', 'condiments are ingredients in bacon sandwiches.']"
webNLG,['Bacon_sandwich | ingredient | Ketchup'],"['Ketchup can be an ingredient in a bacon sandwich.', 'Ketchup can be added to a bacon sandwich.', 'one of the ingredients of a Bacon Sandwich is Ketchup.']"
webNLG,"['Bacon_sandwich | mainIngredients | ""Bread and bacon, with a condiment, often ketchup or brown sauce""']","['The main ingredients of a bacon sandwich are bread and bacon and a condiment, often ketchup or brown sauce.', 'the main ingredients in a Bacon sandwich are bread and bacon with ketchup or brown sauce as a condiment.']"
webNLG,"['Baked_Alaska | country | ""France, United States or China""']","['Baked Alaska is thought to have originated in the United States, France or China.', 'France, United States and China all claim to have invented Baked Alaska.', 'Baked Alaska is from France, the United States or China.']"
webNLG,['Baked_Alaska | country | China'],"['Baked Alaska is a dish in China.', 'Baked Alaska is from China.', 'Baked Alaska comes from China.']"
webNLG,['Baked_Alaska | country | France'],"['Baked Alaska is from the country of France.', 'Baked Alaska comes from the country of France.', 'Baked Alaska is from France.']"
webNLG,['Baked_Alaska | country | United_States'],"['Baked Alaska is a dish from the United States.', 'Baked Alaska is a dish found in the U.S.', 'Baked Alaska is from the United States.']"
webNLG,['Baked_Alaska | ingredient | Christmas_pudding'],['Christmas pudding is an ingredient in Baked Alaska.']
webNLG,['Baked_Alaska | ingredient | Ice_cream'],"['Ice cream is an ingredient of Baked Alaska.', 'Ice cream is an ingredient in Baked Alaska.']"
webNLG,['Baked_Alaska | ingredient | Meringue'],['Meringue is an ingredient of a Baked Alaska.']
webNLG,['Baked_Alaska | ingredient | Sponge_cake'],"['Sponge cake is an ingredient of Baked Alaska.', 'One of the ingredients of Baked Alaska is Sponge Cake.', 'sponge cake is an ingredient in baked alaska.']"
webNLG,"['Baked_Alaska | mainIngredients | ""Meringue, ice cream, sponge cake or Christmas pudding""']","['Meringue, ice cream, sponge cake or Christmas pudding are the main ingredients of Baked Alaska.', 'The main ingredients of a Baked Alaska are meringue, ice cream and sponge cake (or Christmas pudding).', 'Meringue, ice cream, sponge cake or Christmas pudding are main ingredients in baked Alaska.']"
webNLG,"['Baked_Alaska | region | ""Paris, New York or Hong Kong""']","['Hong Kong or New York or Paris are the regions where Baked Alaska is found.', 'Baked Alaska comes from either Paris, New York or Hong Kong.', 'Baked Alaska is popular in Paris, New York and Hong Kong.']"
webNLG,['Baked_Alaska | region | New_York'],"['Baked Alaska comes from the region of New York.', 'Baked Alaska is from the New York region.']"
webNLG,"['Bakewell_pudding | course | ""Dessert""']","['Bakewell pudding is a dessert.', 'Bakewell pudding is classed as a Dessert.']"
webNLG,"['Bakewell_pudding | creator | ""Rutland Arms, Bakewell, in 1820""']","['Bakewell pudding was created in 1820 at the Rutland Arms, Bakewell.', 'Bakewell pudding was created in Rutland Arms, Bakewell, in 1820.']"
webNLG,['Bakewell_pudding | dishVariation | Bakewell_tart'],"['A variant of bakewell pudding is bakewell tart.', 'Bakewell tart is a variation of Bakewell pudding.']"
webNLG,"['Bakewell_pudding | mainIngredients | ""Ground almond, jam, butter, eggs""']","['Some main ingredients in Bakewell pudding are ground almonds, jam, butter and eggs.', 'Bakewell pudding has ground almond, jam, butter and eggs as main ingredients.', 'The main ingredients of Bakewell pudding are ground almond, jam, butter, eggs.']"
webNLG,['Bakewell_pudding | region | Derbyshire_Dales'],"['Bakewell pudding is from the Derbyshire Dales region.', 'Bakewell pudding originates from the Derbyshire Dales.']"
webNLG,"['Bakewell_pudding | servingTemperature | ""Warm (freshly baked) or cold""']",['Bakewell pudding can be served warm (freshly baked) or cold.']
webNLG,['Bakewell_tart | ingredient | Fruit_preserves'],"['Fruit preserves are an ingredient in the bakewell tart.', 'Fruit preserves are an ingredient in Bakewell tart.']"
webNLG,['Bakewell_tart | ingredient | Shortcrust_pastry'],"['An ingredient of bakewell tart is shortcrust pastry.', 'Shortcrust pastry is a main ingredient of a Bakewell tart.', 'Shortcrust pastry is a key ingredient in a Bakewell tart.']"
webNLG,['Bakewell_tart | region | Derbyshire_Dales'],"['Bakewell tart comes from the Derbyshire Dales region.', 'Bakewell Tart is a dish that comes from the Derbyshire Dales region.', 'The bakewell tart is popular in the Derbyshire Dales area.']"
webNLG,['Bakso | country | Chinese_cuisine'],"['Bakso is from the Chinese cuisine.', 'Bakso is made in China.']"
webNLG,['Bakso | country | Indonesia'],"['Indonesia is the country Bakso comes from.', 'Bakso is a dish from the country of Indonesia.']"
webNLG,['Bakso | ingredient | Beef'],['Beef is an ingredient of Bakso.']
webNLG,['Bakso | ingredient | Celery'],"['Celery is an ingredient of Bakso.', 'Celery is an ingredient in Bakso.']"
webNLG,['Bakso | ingredient | Ground_beef'],"['Ground beef is an ingredient in Basko.', 'Ground beef is one ingredient in Bakso.', 'Ground beef is an ingredient of Bakso.']"
webNLG,['Bakso | ingredient | Tapioca'],['Tapioca is an ingredient in bakso.']
webNLG,"['Bakso | mainIngredients | ""Ground beef, tapioca, noodle, rice vermicelli, beef broth, kailan, celery, salted vegetables, fried shallots""']","['Ground beef, tapioca, noodle, rice vermicelli, beef broth, kailan, celery, salted vegetables, fried shallots are the main ingredients of Bakso.', 'The main ingredients of Bakso are ground beef, tapioca, noodle, rice vermicelli, beef broth, kailan, celery, salted vegetables and fried shallots.', 'Ground beef, tapioca, noodle, rice vermicelli, beef broth, kailan, celery, salted vegetables, and fried shallots are main ingredients in Bakso.']"
webNLG,"['Bakso | region | ""Nationwide in Indonesia, also popular in neighboring Southeast Asian countries""']","['Bakso is popular in the Indonesian region and also in the neighbouring Southeast Asian countries.', 'Bakso is a traditional dish throughout the whole of Indonesia and is popular in neighbouring Southeast Asian countries too.', 'Bakso is popular all over Indonesia and Southeastern Asian countries.']"
webNLG,['Bakso | region | Indonesia'],"['Bakso is a food found in Indonesia.', 'Bakso is food found in Indonesia.']"
webNLG,['Bandeja_paisa | ingredient | Arepa'],"['Arepa is an ingredient of Bandeja paisa.', 'Arepa is one of the ingredients in Bandeja paisa.']"
webNLG,['Bandeja_paisa | ingredient | Avocado'],['Avocado is one of the ingredients in the dish Bandeja paisa.']
webNLG,['Bandeja_paisa | ingredient | Black_pudding'],"['Black pudding is an ingredient in Bandeja paisa.', 'Black pudding is included in the list of ingredients needed to make Bandeja paisa.']"
webNLG,['Bandeja_paisa | ingredient | Cooking_plantain'],"['Plantain is one of the ingredients in the dish Bandeja paisa.', 'Cooking plantain is an ingredient in bandeja paisa.']"
webNLG,['Bandeja_paisa | ingredient | Fried_egg'],"['Fried egg is an ingredient of Bandeja paisa.', 'Fried egg is one of the ingredients of Bandeja paisa.', 'fried egg is an ingredient in bandeja paisa.']"
webNLG,['Bandeja_paisa | ingredient | Ground_meat'],['Ground meat is an ingredient in bandeja paisa.']
webNLG,['Bandeja_paisa | ingredient | Hogao'],['Hogao is an ingredient of Bandeja paisa.']
webNLG,['Bandeja_paisa | ingredient | Kidney_bean'],"['The kidney bean is an ingredient in Bandeja paisa.', 'Kidney beans are an ingredient in Bandeja paisa.']"
webNLG,['Bandeja_paisa | ingredient | Lemon'],"['Lemon is an ingredient of Bandeja paisa.', 'One of the ingredients in Bandeja paisa is lemon.', 'Lemon is an ingredient in Bandeja paisa.']"
webNLG,['Bandeja_paisa | ingredient | Pork_belly'],"['Pork belly is an ingredient in the dish Bandeja paisa.', 'Pork belly is an ingredient in Bandeja paisa.', 'one of the ingredients of Bandeja paisa is Pork belly.']"
webNLG,['Bandeja_paisa | ingredient | Rice'],"['Rice is an ingredient in bandeja paisa.', 'Rice is an ingredient of Bandeja paisa.', 'Rice is included in Bandeja paisa.']"
webNLG,"['Bandeja_paisa | mainIngredients | ""red beans, pork belly, white rice, ground meat, chicharon, fried egg, plantain (patacones), chorizo, arepa, hogao sauce, black pudding (morcilla), avocado and lemon""']","['The main ingredients in bandeja paisa are red beans, pork belly, white rice, ground meat, chicharon, fried egg, plantain (patacones), chorizo, arepa, hogao sauce, black pudding (morcilla), avocado and lemon.', 'The main ingredients of Bandeja paisa are: red beans, pork belly, white rice, ground meat, chicharon, fried egg, plantain (patacones), chorizo, arepa, hogao sauce, black pudding (morcilla), avocado and lemon"".', 'The main ingredients of Bandeja paisa are red beans, pork belly, white rice, ground meat, chicharon, fried egg, plantain (patacones), chorizo, arepa, hogao sauce, black pudding (morcilla), avocado and lemon.']"
webNLG,['Bandeja_paisa | region | Antioquia_Department'],"['Bandeja paisa is found in the Antioquia Department.', 'Antioquia Department is the regions where Bandeja paisa comes from.', 'Bandeja paisa is a dish from the Antioquia Department region.']"
webNLG,['Barny_Cakes | carbohydrate | 18.0 g'],"['Barny cakes have 18 grams of carbs.', 'Barny Cakes have 18.0g of carbohydrates.']"
webNLG,['Barny_Cakes | country | France'],"['The country Barny Cakes come from is France.', 'Barny cakes can be found in France.']"
webNLG,['Barny_Cakes | dishVariation | Apple'],['barny cakes can be made with apple.']
webNLG,['Barny_Cakes | dishVariation | Milk'],['One dish variation called Barny Cakes is the use of milk in the recipe.']
webNLG,['Barny_Cakes | dishVariation | Strawberry'],"['Strawberries can be added to barny cakes.', 'a variation of Barny Cakes is to use Strawberry.']"
webNLG,['Barny_Cakes | fat | 4.8 g'],"['Barny cakes contain 4.8 g of fat.', 'Barny cakes contain 4.8g of fat.']"
webNLG,['Barny_Cakes | ingredient | Sponge_cake'],['Barny cakes are made with sponge cake.']
webNLG,['Barny_Cakes | year | 1999'],"['Barny cakes were invented in 1999.', 'Barny Cakes were introduced in 1999.']"
webNLG,['Batagor | country | Indonesia'],"['Batagor comes from the country of Indonesia.', 'Batagor is found in Indonesia.', 'Batagor is found in the country of Indonesia.']"
webNLG,['Batagor | dishVariation | Siomay'],"['Batagor is a variation of the Siomay dish.', 'Batagor and Siomay are variations of the same dish.']"
webNLG,['Batagor | ingredient | Peanut_sauce'],['Peanut sauce is an ingredient of batagor.']
webNLG,"['Batagor | servingTemperature | ""hot""']","['Batagor should be served hot.', 'Batagor is a dish best served hot.', 'Batagor should be served ""hot"".']"
webNLG,['Batchoy | course | Soup'],"['Batchoy is a dish served as a soup course.', 'Batchoy is a type of soup.']"
webNLG,['Batchoy | ingredient | Beef'],"['Beef is an ingredient of Batchoy.', 'beef is an ingredient in batchoy.']"
webNLG,['Batchoy | ingredient | Noodle'],['Noodles are an ingredient in batchoy.']
webNLG,['Batchoy | ingredient | Pork'],"['Pork is an ingredient of Batchoy.', 'Pork is an ingredient in Batchoy.', 'one of the ingredients of Batchoy is Pork.']"
webNLG,"['Batchoy | mainIngredients | ""noodles, pork organs, vegetables, chicken, shrimp, beef""']","['The main ingredients of batchoy are noodles, pork organs, vegetables, chicken, shrimp, and beef.', 'The main ingredients of Batchoy are noodles, pork organs, vegetables, chicken, shrimp and beef.', 'The main ingredients of Batchoy are noodles, pork organs, vegetables, chicken, shrimp, beef.']"
webNLG,"['Batchoy | region | La_Paz,_Iloilo_City']","['Batchoy is a food found in La Paz, Iloilo City.', 'Batchoy originated from the region of La Paz, Iloilo City.']"
webNLG,"['Beef_kway_teow | country | ""Singapore and Indonesia""']","['Beef kway teow is found in the countries of Indonesia and Singapore.', 'Beef kway teow is a dish commonly found in Singapore and Indonesia.', 'Beef Kway Teow is made in Singapore and Indonesia.']"
webNLG,['Beef_kway_teow | country | Indonesia'],"['Beef kway teow is a dish in Indonesia.', 'Beef kway teow comes from the country of Indonesia.', 'Beef kway teow is a popular food of Indonesia.']"
webNLG,['Beef_kway_teow | country | Singapore'],"['Beef kway teow is a dish from the country of Singapore.', 'Beef kway teow is a popular dish in Singapore.']"
webNLG,['Beef_kway_teow | ingredient | Oyster_sauce'],"['Oyster sauce is an ingredient in Beef kway teow.', 'Oyster sauce is contained in Beef kway teow.']"
webNLG,['Beef_kway_teow | ingredient | Palm_sugar'],"['Palm sugar is an ingredient in beef kway teow.', 'Palm sugar is an ingredient of Beef kway teow.']"
webNLG,['Beef_kway_teow | ingredient | Sesame_oil'],['Sesame oil is an ingredient in beef kway teow.']
webNLG,"['Beef_kway_teow | mainIngredients | ""Kway teow, beef tender loin, gula Melaka, sliced, dried black beans, garlic, dark soy sauce, lengkuas, oyster sauce, soya sauce, chilli and sesame oil""']","['Kway teow, beef tender loin, gula Melaka, sliced, dried black beans, garlic, dark soy sauce, lengkuas, oyster sauce, soya sauce, chilli and sesame oil are the main ingredients of Beef kway teow.', 'The main ingredients for Beef Kway Teow are: Kway teow, beef tender loin, gula Melaka, sliced, dried black beans, garlic, dark soy sauce, lengkuas, oyster sauce, soya sauce, chilli and sesame oil.', 'Kway teow, beef tender loin, gula Melaka, sliced, dried black beans, garlic, dark soy sauce, lengkuas, oyster sauce, soya sauce, chilli and sesame oil are main ingredients in beef kway teow.']"
webNLG,"['Beef_kway_teow | region | ""Nationwide in Singapore and Indonesia""']","['Beef kway teow is a dish that is popular nationwide in Singapore and Indonesia.', 'Beef kway teow is available nationwide in Singapore and Indonesia.']"
webNLG,['Beef_kway_teow | region | Singapore'],"['Beef kway teow comes from the Singapore region.', 'Beef kway teow originates from Singapore.', 'Beef kway teow is a dish of Singapore.']"
webNLG,['Bhajji | country | India'],"['Bhajji comes from the country India.', 'Bhajji originates from India.']"
webNLG,['Bhajji | ingredient | Gram_flour'],"['Gram flour is an ingredient in Bhajji.', 'Gram flour is an ingredient of a Bhajji.']"
webNLG,['Bhajji | ingredient | Vegetable'],['Bhajji includes the ingredient vegetables.']
webNLG,"['Bhajji | mainIngredients | ""Gram flour, vegetables""']","['The main ingredients in Bhajji are gram flour and vegetables.', 'Gram flour and vegetables are main ingredients in bhajji.']"
webNLG,['Bhajji | region | Karnataka'],"['Bhajji are found in the region of Karnataka.', 'Bhajji come from the Karnataka region.', 'Bhajji is from the Karnataka region.']"
webNLG,['Bhajji | related | Pakora'],"['The dish bhajji is related to pakora.', 'Bhajji is a snack that is similar to Pakora.', 'bhajji and pakora are related.']"
webNLG,"['Bhajji | similarDish | ""Pakora and other fritters made from wheat or corn flour""']","['Bhajji is a dish similar to pakora and other fritters made from whet or corn flour.', 'Pakora and other fritters made from wheat or corn flour are similar to bhajji.', 'Bhajji is a similar dish to pakora and other fritters made from wheat or corn flour.']"
webNLG,['Binignit | country | Philippines'],"['The county Binignit comes from is the Philippines.', 'The binignit dish can be found in the Philippines.']"
webNLG,['Binignit | course | Dessert'],"['Binignit should be served as the dessert course.', 'Binignit is a type of dessert.', 'Binignit is a dessert.']"
webNLG,['Binignit | ingredient | Banana'],['Banana is an ingredient in binignit.']
webNLG,['Binignit | ingredient | Coconut_milk'],"['Coconut milk is an ingredient of Binignit.', 'coconut milk is an ingredient in Binignit.']"
webNLG,['Binignit | ingredient | Sago'],"['Sago is an ingredient of Binignit.', 'Sago is one of the ingredients used to make Binignit.', 'sago is an ingredient in Binignit.']"
webNLG,['Binignit | ingredient | Sweet_potato'],"['Sweet potato is and ingredient in Binignit.', 'Sweet potatoes are in binignit recipes.', 'one of the ingredients of Binignit is Sweet potato.']"
webNLG,['Binignit | mainIngredients | Banana'],"['One of the main ingredients in binignit is banana.', 'The main ingredient of Binignit is banana.']"
webNLG,['Binignit | mainIngredients | Coconut_milk'],"['One of the main ingredients of binignit is coconut milk.', 'The main ingredient of Bingnit is coconut milk.']"
webNLG,['Binignit | mainIngredients | Sago'],"['One of the main ingredients in Binignit is sago.', 'Sago is the main ingredient in binignit.', 'Sago is the main ingredient of binignit.']"
webNLG,['Binignit | mainIngredients | Sweet_potato'],"['The main ingredients of binignit are sweet potatotes.', 'One of the main ingredients of Binignit is the sweet potato.']"
webNLG,['Binignit | mainIngredients | Taro'],"['Taro is a main ingredient of Binignit.', 'One of the main ingredients of Binignit is Taro.', 'Taro is a main ingredient in Binignit.']"
webNLG,['Binignit | region | Mindanao'],['Binignit comes from the region Mindanao.']
webNLG,['Bionico | country | Mexico'],['Bionico is a food found in Mexico.']
webNLG,['Bionico | course | Dessert'],"['Bionico is served at the dessert course.', 'Bionico is a dish served for dessert.', 'Bionico is a dessert.']"
webNLG,['Bionico | dishVariation | Honey'],"['Honey can be used as a variation in the dish Bionico.', 'Honey can be added to bionico.']"
webNLG,['Bionico | ingredient | Condensed_milk'],"['Condensed milk is an ingredient of Bionico.', 'Condensed milk is an ingredient in Bionico.', 'Condensed milk is used in bionico,.']"
webNLG,['Bionico | ingredient | Granola'],"['Bionico requires granola as one of its ingredients.', 'Granola is an ingredient of Bionico.']"
webNLG,['Bionico | ingredient | Raisin'],['Bionico contains raisins.']
webNLG,['Bionico | ingredient | Sour_cream'],"['Sour cream is an ingredient of Bionico.', 'Sour cream is an ingredient used in the preparation of Bionico.', 'sour cream is an ingredient in Bionico.']"
webNLG,"['Bionico | mainIngredients | ""Chopped Fruits, Sour Cream, Condensed Milk, Granola, Shredded Coconut, Raisins""']","['Sour cream, chopped fruits, condensed milk. granola, raisins and shredded coconut are the main ingredients in Bionico.', 'The main ingredients of Bionico are chopped fruits, sour cream, condensed milk, granola, shredded coconut and raisins.', 'Chopped Fruits, sour cream, condensed milk, granola, shredded coconut and raisins are the main ingredients in bionico.']"
webNLG,['Bionico | region | Guadalajara'],"['Bionico can be found in Guadalajara.', 'Bionico is from the Guadalajara region.']"
webNLG,['Catalonia | leaderName | Carles_Puigdemont'],"['The leader of Catalonia is Carles Puigdemont.', 'Carles Puigdemont is a leader in Catalonia.', 'Carles Puigdemont is the leader of Catalonia.']"
webNLG,['Catalonia | leaderName | Parliament_of_Catalonia'],"['Catalonia is led by the Parliament of Catalonia.', 'The leaders of Catalonia are the Parliament of Catalonia.']"
webNLG,['Celery | family | Apiaceae'],"['Celery is in the family of Apiaceae.', 'Celery is a member of the family Apiaceae.']"
webNLG,['Celery | genus | Apium'],"['Celery is a member of the genus Apium.', 'Celery is of the Apium genus.', 'Celery is from the genus apium.']"
webNLG,['Chicharrón | country | Spain'],"['Chicharrón is a dish traditional in Spain.', 'Chicharrón is a dish found in the country of Spain.']"
webNLG,['Chicharrón | region | Andalusia'],"['Chicharrón is found in the Andalusia region.', 'Chicharron is from the Andalusia region.']"
webNLG,['China | language | Standard_Chinese'],"['Standard Chinese is the language of China.', 'Standard Chinese is a language in China.']"
webNLG,['Derbyshire_Dales | administrativeCounty | Derbyshire'],['Derbyshire Dales is found in the County of Derbyshire.']
webNLG,['Derbyshire_Dales | isPartOf | Derbyshire'],"['Derbyshire Dales is part of Derbyshire.', 'The Derbyshire Dales is part of Derbyshire.']"
webNLG,['Dessert | dishVariation | Cookie'],"['Cookie is a type of dessert.', 'A cookie is a dessert.']"
webNLG,['Dessert | dishVariation | Sandesh_(confectionery)'],"['Sandesh (confectionery) is a dish that can be served as a dessert.', 'Sandesh is a nice confectionery dessert.', 'sandesh is a dessert.']"
webNLG,['France | currency | Euro'],"['In France the currency is the Euro.', 'The Euro is the currency in France.', 'the currency of France is the Euro.']"
webNLG,['France | language | French_language'],"['The French language is spoken in France.', 'French is the national language of France.', 'French is a language spoken in France.']"
webNLG,['France | leaderName | Claude_Bartolone'],"['Claude Bartolone is a leader of France.', ""Claude Bartolone is France's leader."", 'Claude Bartolone leads France.']"
webNLG,['France | leaderName | François_Hollande'],"['The leader of France is Francois Hollande.', 'François Hollande is the leader of France.']"
webNLG,['France | leaderName | Gérard_Larcher'],"['The leader of France is Gérard Larcher.', 'Gerard Larcher is the leader of France.']"
webNLG,['France | leaderName | Manuel_Valls'],"['The leader of France is Manuel Valls.', 'Manuel Valls is a leader in France.', 'Manual Valls is the leader of France.']"
webNLG,['Fried_chicken | mainIngredients | Chicken'],"['A main ingredient of fried chicken is chicken.', 'The main ingredient of fried chicken is chicken.']"
webNLG,['Guadalajara | country | Mexico'],"['Guadalajara is in the country of Mexico.', 'Guadalajara is located in Mexico.']"
webNLG,['Hong_Kong | language | Chinese_language'],"['In Hong Kong, the spoken language is Chinese.', 'Chinese is spoken in Hong Kong.', 'Chinese is a language of Hong Kong.']"
webNLG,['Hong_Kong | leaderName | Carrie_Lam_(politician)'],"['Carrie Lam is a political leader in Hong Kong.', 'Politician Carrie Lam is the leader of Hong Kong.', 'Carrie Lam is the leader of Hong Kong.']"
webNLG,['India | demonym | Indian_people'],"['Indian people are from India.', 'Indians is the name given to people from India.']"
webNLG,['India | leaderName | Narendra_Modi'],"['Narendra Modi is a leader in India.', 'Narendra Modi is the name of the leader of India.', 'Narendra Modi is the leader of India.']"
webNLG,['India | leaderName | T._S._Thakur'],"[""T. S. Thakur is India's leader."", 'The leader of India is called T. S. Thakur.', 'T.S. Thakur is the leader of India.']"
webNLG,['Indonesia | capital | Jakarta'],"['The capital of Indonesia is Jakarta.', 'Jakarta is the capital of Indonesia.']"
webNLG,['Indonesia | currency | Indonesian_rupiah'],"['In Indonesia the currency is the Indonesian rupiah.', 'Money in Indonesia is called the Indonesian rupiah.', ""Indonesia's currency is the Indonesian rupiah.""]"
webNLG,['Indonesia | leaderName | Joko_Widodo'],"['Joko Widodo is the leader of Indonesia.', 'Joko Widodo is the leader in Indonesia.', ""Indonesia's leader's name is Joko Widodo.""]"
webNLG,['Italy | capital | Rome'],"['Rome is the capital of Italy.', 'The capital of Italy is Rome.']"
webNLG,['Italy | language | Italian_language'],"['The spoken language in Italy is Italian.', 'Italian is the language spoken in Italy.', 'The language of Italy is Italian.']"
webNLG,['Italy | leaderName | Laura_Boldrini'],"['The leader of Italy is Laura Boldrini.', 'Laura Boldrini is a key leader in Italy.', 'The leader in Italy is Laura Boldrini.']"
webNLG,['Italy | leaderName | Matteo_Renzi'],"['Matteo Renzi is a leader from Italy.', 'The leader of Italy is Matteo Renzi.']"
webNLG,['Italy | leaderName | Pietro_Grasso'],"['Pietro Grasso is the leader of Italy.', 'Pietro Grasso leads Italy.']"
webNLG,['Italy | leaderName | Sergio_Mattarella'],"['Sergio Mattarella is a leader in Italy.', 'Sergio Mattarella is the leader of Italy.']"
webNLG,['Jalisco | leaderName | Jesús_Casillas_Romero'],"['The leader of Jalisco is Jesús Casillas Romero.', ""Jesús Casillas Romero is the name of Jalisco's leader."", 'The name of the leader in Jalisco is Jesus Casillas Romero.']"
webNLG,['Java | ethnicGroup | Javanese_people'],"['The Javanese people are an ethnic group of Java.', 'The Javenese people are an ethnic group in Java.']"
webNLG,['Karnataka | leaderName | Vajubhai_Vala'],"['The leader of Karnataka is Vajubhai Vala.', 'Vajubhai Vala is a leader of Karnatka.', 'Vajubhai Vala is the leader of Karnataka.']"
webNLG,['Lemon | family | Rutaceae'],"['The lemon belongs to the rutaceae family.', 'Lemon is a member of the family Rutaceae.']"
webNLG,['Lemon | genus | Citrus'],"['Lemon is part of genus Citrus.', 'Lemon is from the genus citrus.']"
webNLG,['Lemon | order | Sapindales'],"['A lemon is included in the order of Sapindales.', 'Lemon comes from the plant order Sapindales.', 'lemons are classified in the order sapindales.']"
webNLG,['Malaysia | capital | Kuala_Lumpur'],"['The capital of Malaysia is Kuala Lumpur.', 'Kuala Lumpur is the Malaysian capital.', 'Kuala Lumpur is the capital of Malaysia.']"
webNLG,['Malaysia | capital | Putrajaya'],"['The capital of Malaysia is Putrajaya.', 'Putrajaya is the capital of Malaysia.']"
webNLG,['Malaysia | ethnicGroup | Malaysian_Chinese'],"['The Malaysian chinese are an ethnic group from Malaysia.', 'Malaysian Chinese is an ethnic group from Malaysia.']"
webNLG,['Malaysia | ethnicGroup | Malaysian_Indian'],"['Malaysian Indian is one of the ethnic groups on Malaysia.', 'one of the ethnic groups of Malaysia is Malaysian Indian.']"
webNLG,['Malaysia | leaderName | Abdul_Halim_of_Kedah'],"['The leader of Malaysia is Abdul Halim of Kedah.', 'Abdul Halim of Kedah is the leader of Malaysia.']"
webNLG,['Malaysia | leaderName | Abu_Zahar_Ujang'],"['Abu Zahar Ujang is a leader in Malaysia.', 'Abu Zahar Ujang is the name of the leader of Malaysia.', 'Abu Zahar Ujang is the leader of Malaysia.']"
webNLG,['Malaysia | leaderName | Arifin_Zakaria'],"['Arifin Zakaria is the name of the leader of Malaysia.', 'Arifin Zakaria is the leader of Malaysia.']"
webNLG,['Malaysia | leaderName | Najib_Razak'],"['Najib Razak is the leader of Malaysia.', 'the name of the leader of Malaysia is Najib Razak.']"
webNLG,['Mexico | currency | Mexican_peso'],"['The currency in Mexico is the peso.', 'The currency in Mexico is the Mexican peso.', 'The currency of Mexico is the peso.']"
webNLG,['Mexico | language | Mexican_Spanish'],"['In Mexico one of the languages spoken is Mexican Spanish.', 'Mexican Spanish is the language spoken in Mexico.', 'Mexican Spanish is spoken in Mexico.']"
webNLG,['Mexico | leaderName | Enrique_Peña_Nieto'],"['The leader of Mexico is Enrique Peña Nieto.', 'Enrique Pena Nieto is a leader in Mexico.', 'Enrique Pena Nieto is the leader of Mexico.']"
webNLG,['Mondelez_International | foundationPlace | Chicago'],['Mondelez International was founded in Chicago.']
webNLG,['New_York | language | Arabic'],"['Arabic is one of the languages that is spoken in New York.', 'Arabic is one language spoken in New York.']"
webNLG,['New_York | language | French_language'],"['The French Language can be heard in New York.', 'French is a language in New York.']"
webNLG,['Pakora | dishVariation | Cauliflower'],"['As a dish variation on a pakora, cauliflower can be used.']"
webNLG,['Pakora | dishVariation | Paneer'],['Pakora can be varied by using paneer.']
webNLG,['Philippines | ethnicGroup | Chinese_Filipino'],"['The Chinese Filipino is an ethnic group in the Philippines.', 'Chinese Filipino people are from the Philippines.']"
webNLG,['Philippines | ethnicGroup | Igorot_people'],"['The Igorot people are an ethnic group in the Philippines.', 'Igorot people are part of one of the ethnic groups in the Philippines.', 'one of the ethnic groups of the Philippines is the Igorot people.']"
webNLG,['Philippines | ethnicGroup | Ilocano_people'],"['Ilocano people are an ethnic group from the Philippines.', 'The llocano people are an ethnic group from the Philippines.']"
webNLG,['Philippines | ethnicGroup | Moro_people'],"['The Moro people are an ethnic group in the Philippines.', 'Moro people is an ethnic group in the Philippines.', 'people of Moro ethnicity are from the Philippines.']"
webNLG,['Philippines | ethnicGroup | Zamboangans'],"['Zamboangans are a group in the Philippines.', 'one of the ethnic groups of the Philippines is the Zamboangans.']"
webNLG,['Philippines | language | Philippine_English'],"['Philippine English is the language spoken in the Philippines.', 'Philippine English is the language of the Philippines.']"
webNLG,['Philippines | language | Philippine_Spanish'],"['In the Philippines, the spoken language is Philippine Spanish.', 'The language used in the Philippines is Philippine Spanish.', 'The language spoken in the Philippines is Philippine Spanish.']"
webNLG,['Philippines | officialLanguage | Philippine_English'],"['The official language in the Philippines is Philippine English.', 'Philippine English is the official language of the Philippines.']"
webNLG,['Shumai | dishVariation | Siomay'],"['Siomay is a variation on shumai.', 'A variation of Shumai is Siomay.', 'Shumai is a variation of Siomay.']"
webNLG,['Shumai | ingredient | Shiitake'],['Shiitake is an ingredient of Shumai.']
webNLG,['Singapore | currency | Singapore_dollar'],"['The currency of Singapore is the Singapore dollar.', 'Singapore dollar is the currency in Singapore.']"
webNLG,['Singapore | language | English_language'],"['The English language is spoken in Singapore.', 'One of the languages spoken in Singapore is English.', 'English is spoken in Singapore.']"
webNLG,['Singapore | language | Standard_Chinese'],"['Standard Chinese is a language spoken in Singapore.', 'Standard Chinese is spoken in Singapore.']"
webNLG,['Singapore | leaderName | Halimah_Yacob'],"['Halimah Yacob is a leader of Singapore.', ""Halimah Yacob is the name of Singapore's leader."", 'Halimah Yacob leads Singapore.']"
webNLG,['Singapore | leaderName | Tony_Tan'],"['The leader of Singapore is Tony Tan.', 'Tony Tan is a leader in Singapore.', 'Tony Tan is the leader of Singapore.']"
webNLG,['Siomay | dishVariation | Batagor'],"['Batagor and Siomay are variation of the same dish.', 'Batagor is a dish variation of Siomay.', 'Batagor is a variation of Siomay.']"
webNLG,['Spain | currency | Euro'],"['Spain uses the euro for its currency.', 'The Euro is the currency in Spain.', 'The currency of Spain is Euro.']"
webNLG,['Spain | demonym | Spaniards'],"['Spaniards are from Spain.', 'Spaniards is the name for the people of Spain.']"
webNLG,['Spain | ethnicGroup | Spaniards'],"['Spaniards are the ethnic group of Spain.', 'The ethnic group for Spain is Spaniards.']"
webNLG,['Spain | language | Spanish_language'],"['In Spain the language spoken is the Spanish language.', 'The Spanish language is spoken in Spain.', 'the language of Spain is Spanish.']"
webNLG,['Spain | leaderName | Felipe_VI_of_Spain'],"['The leader of Spain is Felipe VI of Spain.', 'Felipe VI of Spain is the leader of Spain.']"
webNLG,['Sumatra | ethnicGroup | Acehnese_people'],"['One the ethnic groups on Sumatra is the Acehnese people.', 'Acehnese people form one of the ethnic groups in Sumatra.', 'Acehnese people are an ethnic group in Sumatra.']"
webNLG,['Sumatra | ethnicGroup | Batak'],"['Batak is the ethnic group in Sumatra.', 'Batak is an ethnic group found in Sumatra.', 'Batak is an ethnic group in Sumatra.']"
webNLG,['Sumatra | ethnicGroup | Minangkabau_people'],"['The Minangkabau people are an ethnic group of Sumatra.', 'Sumatra has an ethnic group called the Minangkabau people.']"
webNLG,['Sweet_potato | division | Flowering_plant'],['Sweet potato belongs to flowering plants.']
webNLG,['Sweet_potato | order | Solanales'],"['Sweet potato belongs to the Solanales order of plants.', 'Sweet potato are part of the order of Solanales.', 'Sweet potato is of the order Solanales.']"
webNLG,['Tomato | division | Flowering_plant'],['Tomato is part of the flowering plant division.']
webNLG,['Tomato | family | Solanaceae'],"['Tomato belongs to the family of solanaceae.', 'The tomato comes from the Solanaceae family.', 'The tomato belongs to the family of Solanaceae.']"
webNLG,['Tomato | genus | Solanum'],['Tomato belongs to the genus Solanum.']
webNLG,['Tomato | order | Solanales'],"['The tomato is of the order Solanales.', 'Tomato is one of the members of the order Solanales.']"
webNLG,['United_Kingdom | capital | London'],"['London is the Capital of the United Kingdom.', 'London is the capital city of the United Kingdom.', 'London is the capital of the UK.']"
webNLG,['United_Kingdom | language | English_language'],"['The language of the United Kingdom is the English language.', 'English is the language spoken in the United Kingdom.', 'English is spoken in the UK.']"
webNLG,['United_Kingdom | leaderName | Elizabeth_II'],"['Elizabeth II is the leader of the United Kingdom.', 'Elizabeth II is the leader of the UK.', 'Elizabeth II is the head of state in the United Kingdom.']"
webNLG,"['United_States | capital | Washington,_D.C.']","['The capital of the U.S. is Washington, D.C.', 'Washington, D.C is the capital of the United States.', 'The capital of the United States is Washington, D.C.']"
webNLG,['United_States | ethnicGroup | African_Americans'],"['African Americans are an ethic group in the United States.', 'African Americans are one of the ethnic groups in the United States.', 'African Americans are an ethnic group in the U.S.']"
webNLG,['United_States | ethnicGroup | Asian_Americans'],"['Asian Americans are an ethnic group in the United States.', 'Asian Americans are one of the ethnic groups in the United States.']"
webNLG,['United_States | ethnicGroup | White_Americans'],"['White Americans are an ethnic group in the United States.', 'White Americans are one of the ethnic groups in the United States.']"
webNLG,['United_States | language | English_language'],"['The English language is used in the United States.', 'English is the language of the United States.', 'English is a language spoken in the United States.']"
webNLG,['United_States | leaderName | Barack_Obama'],"['Barack Obama is a leader of the United States.', 'Barack Obama is the leader of the United States.', 'Barack Obama is the leader of United States.']"
webNLG,['United_States | leaderName | Joe_Biden'],"['Joe Biden is a leader of the United States.', 'Joe Biden is one of the leaders of the United States.', 'Joe Biden is a political leader in the U.S.']"
webNLG,['United_States | leaderName | John_Roberts'],"['John Roberts is a leader in the United States.', 'John Roberts is the leader of the United States.']"
webNLG,['United_States | leaderName | Paul_Ryan'],"['Paul Ryan is a leader in United States.', 'United States leader is called Paul Ryan.', 'Paul Ryan is a leader in the U.S.']"
webNLG,['United_States | leaderTitle | President_of_the_United_States'],"['The leader of the United States is called the President.', 'The leader of the United States has a title of President.']"
webNLG,['Valencian_Community | leaderName | Ximo_Puig'],"['The leader of the community of Valencia is Ximo Puig.', 'Ximo Puig is a leader in the Valencian Community.', 'Ximo Puig is a leader of the Valencian Community.']"
